learning_rate,momentum,number_of_epochs,batch_size,accuracy_indicator,cross_entropy,time
0.001,0.5,10,16,0.959016393442623,0.94290306340472,0.3125
0.001,0.5,10,32,0.959016393442623,0.909403695966216,0.34375
0.001,0.5,10,64,0.959016393442623,0.959854269302882,0.265625
0.001,0.5,10,128,0.959016393442623,0.96207664494872,0.296875
0.001,0.5,20,16,0.959016393442623,0.932557201458025,0.265625
0.001,0.5,20,32,0.959016393442623,0.914499160147965,0.25
0.001,0.5,20,64,0.959016393442623,0.920443758617025,0.25
0.001,0.5,20,128,0.959016393442623,0.93597833817681,0.296875
0.001,0.5,30,16,0.959016393442623,0.950061269971222,0.34375
0.001,0.5,30,32,0.959016393442623,0.953398896986688,0.28125
0.001,0.5,30,64,0.959016393442623,0.937744723787776,0.234375
0.001,0.5,30,128,0.959016393442623,0.948804067840231,0.25
0.001,0.6,10,16,0.959016393442623,0.949440477622984,0.25
0.001,0.6,10,32,0.959016393442623,0.899063879504011,0.234375
0.001,0.6,10,64,0.959016393442623,0.945447547139416,0.25
0.001,0.6,10,128,0.959016393442623,0.890162631936844,0.203125
0.001,0.6,20,16,0.959016393442623,0.92405247358087,0.25
0.001,0.6,20,32,0.959016393442623,0.903242263375431,0.296875
0.001,0.6,20,64,0.959016393442623,0.959996513297399,0.296875
0.001,0.6,20,128,0.959016393442623,0.934484887259932,0.265625
0.001,0.6,30,16,0.959016393442623,0.948784083456003,0.28125
0.001,0.6,30,32,0.959016393442623,0.951981166892298,0.28125
0.001,0.6,30,64,0.959016393442623,0.968910607040407,0.296875
0.001,0.6,30,128,0.959016393442623,0.914282991778619,0.265625
0.001,0.7,10,16,0.959016393442623,0.880553890714548,0.28125
0.001,0.7,10,32,0.959016393442623,0.975033559139478,0.25
0.001,0.7,10,64,0.959016393442623,0.942189800639292,0.25
0.001,0.7,10,128,0.959016393442623,0.955391524472031,0.265625
0.001,0.7,20,16,0.959016393442623,0.938990820291495,0.265625
0.001,0.7,20,32,0.959016393442623,0.958015371415582,0.234375
0.001,0.7,20,64,0.959016393442623,0.964740862154969,0.28125
0.001,0.7,20,128,0.959016393442623,0.923842625710153,0.21875
0.001,0.7,30,16,0.959016393442623,0.950360578715369,0.296875
0.001,0.7,30,32,0.959016393442623,0.90366590419105,0.296875
0.001,0.7,30,64,0.959016393442623,0.920235309067565,0.265625
0.001,0.7,30,128,0.959016393442623,0.977969403190825,0.265625
0.001,0.9,10,16,0.959016393442623,0.958393795797782,0.21875
0.001,0.9,10,32,0.959016393442623,0.922792947206117,0.21875
0.001,0.9,10,64,0.959016393442623,0.943385095905226,0.28125
0.001,0.9,10,128,0.959016393442623,0.956467976215172,0.265625
0.001,0.9,20,16,0.959016393442623,0.940801657772363,0.25
0.001,0.9,20,32,0.959016393442623,0.911361253341685,0.28125
0.001,0.9,20,64,0.959016393442623,0.94269056723896,0.265625
0.001,0.9,20,128,0.959016393442623,0.960650221445843,0.265625
0.001,0.9,30,16,0.959016393442623,0.955795705190429,0.21875
0.001,0.9,30,32,0.959016393442623,0.920392321306862,0.25
0.001,0.9,30,64,0.959016393442623,0.958196296639488,0.3125
0.001,0.9,30,128,0.959016393442623,0.961543696566712,0.28125
0.003,0.5,10,16,0.959016393442623,0.907625355108408,0.328125
0.003,0.5,10,32,0.959016393442623,0.951363646166791,0.3125
0.003,0.5,10,64,0.959016393442623,0.953976774294017,0.265625
0.003,0.5,10,128,0.959016393442623,0.932188861159742,0.265625
0.003,0.5,20,16,0.959016393442623,0.925871666220386,0.265625
0.003,0.5,20,32,0.959016393442623,0.907027695306028,0.3125
0.003,0.5,20,64,0.959016393442623,0.938259856551758,0.25
0.003,0.5,20,128,0.959016393442623,0.950160462554445,0.234375
0.003,0.5,30,16,0.959016393442623,0.915966467880363,0.28125
0.003,0.5,30,32,0.959016393442623,0.947663265267479,0.28125
0.003,0.5,30,64,0.959016393442623,0.930153264185472,0.21875
0.003,0.5,30,128,0.959016393442623,0.979164892825118,0.234375
0.003,0.6,10,16,0.959016393442623,0.902050710689574,0.28125
0.003,0.6,10,32,0.959016393442623,0.939592894887273,0.21875
0.003,0.6,10,64,0.959016393442623,0.971235652403948,0.234375
0.003,0.6,10,128,0.959016393442623,0.876646445251775,0.28125
0.003,0.6,20,16,0.959016393442623,0.914998174295046,0.25
0.003,0.6,20,32,0.959016393442623,0.947340066819377,0.25
0.003,0.6,20,64,0.959016393442623,0.95214525168961,0.234375
0.003,0.6,20,128,0.959016393442623,0.966951458371967,0.328125
0.003,0.6,30,16,0.959016393442623,0.965721903034185,0.25
0.003,0.6,30,32,0.959016393442623,0.943472871018549,0.25
0.003,0.6,30,64,0.959016393442623,0.958974443799179,0.265625
0.003,0.6,30,128,0.959016393442623,0.948031443889876,0.296875
0.003,0.7,10,16,0.959016393442623,0.962975041262753,0.28125
0.003,0.7,10,32,0.959016393442623,0.932237840273106,0.265625
0.003,0.7,10,64,0.959016393442623,0.949807885627188,0.25
0.003,0.7,10,128,0.959016393442623,0.923305879488784,0.234375
0.003,0.7,20,16,0.959016393442623,0.920885590446937,0.28125
0.003,0.7,20,32,0.959016393442623,0.949101378866749,0.25
0.003,0.7,20,64,0.959016393442623,0.957913106065003,0.265625
0.003,0.7,20,128,0.959016393442623,0.889121568896087,0.234375
0.003,0.7,30,16,0.959016393442623,0.950314007860607,0.265625
0.003,0.7,30,32,0.959016393442623,0.95742047154837,0.296875
0.003,0.7,30,64,0.959016393442623,0.936483895461687,0.265625
0.003,0.7,30,128,0.959016393442623,0.964556604146325,0.25
0.003,0.9,10,16,0.959016393442623,0.964678693427013,0.265625
0.003,0.9,10,32,0.959016393442623,0.888535774769241,0.25
0.003,0.9,10,64,0.959016393442623,0.935772605188877,0.1875
0.003,0.9,10,128,0.959016393442623,0.913505464137419,0.265625
0.003,0.9,20,16,0.959016393442623,0.960137659949211,0.265625
0.003,0.9,20,32,0.959016393442623,0.938641791771467,0.265625
0.003,0.9,20,64,0.959016393442623,0.943011410176758,0.25
0.003,0.9,20,128,0.959016393442623,0.969405224909741,0.234375
0.003,0.9,30,16,0.959016393442623,0.954055855198985,0.25
0.003,0.9,30,32,0.959016393442623,0.94044711663206,0.28125
0.003,0.9,30,64,0.959016393442623,0.986669990131882,0.28125
0.003,0.9,30,128,0.959016393442623,0.897727236780157,0.265625
0.01,0.5,10,16,0.959016393442623,0.95232967314788,0.21875
0.01,0.5,10,32,0.959016393442623,0.875421987027092,0.25
0.01,0.5,10,64,0.959016393442623,0.944939711436583,0.296875
0.01,0.5,10,128,0.959016393442623,0.956392913323163,0.203125
0.01,0.5,20,16,0.959016393442623,0.989721902267849,0.28125
0.01,0.5,20,32,0.959016393442623,0.925825902594108,0.25
0.01,0.5,20,64,0.959016393442623,0.97524438142277,0.28125
0.01,0.5,20,128,0.959016393442623,0.955233703404009,0.265625
0.01,0.5,30,16,0.959016393442623,0.964646478404614,0.28125
0.01,0.5,30,32,0.959016393442623,0.932158063781436,0.21875
0.01,0.5,30,64,0.959016393442623,0.946439594098121,0.3125
0.01,0.5,30,128,0.959016393442623,0.942209173083159,0.234375
0.01,0.6,10,16,0.959016393442623,0.905490111075376,0.21875
0.01,0.6,10,32,0.959016393442623,0.967032444797843,0.21875
0.01,0.6,10,64,0.959016393442623,0.951222743898103,0.21875
0.01,0.6,10,128,0.959016393442623,0.950017593628453,0.21875
0.01,0.6,20,16,0.959016393442623,0.91402443273097,0.234375
0.01,0.6,20,32,0.959016393442623,0.940055969114434,0.296875
0.01,0.6,20,64,0.959016393442623,0.980176004364784,0.234375
0.01,0.6,20,128,0.959016393442623,0.931053319021072,0.28125
0.01,0.6,30,16,0.959016393442623,0.95592565927583,0.265625
0.01,0.6,30,32,0.959016393442623,0.822891332431076,0.28125
0.01,0.6,30,64,0.959016393442623,0.980849508734036,0.296875
0.01,0.6,30,128,0.959016393442623,0.946037605745893,0.234375
0.01,0.7,10,16,0.959016393442623,0.939874982296787,0.28125
0.01,0.7,10,32,0.959016393442623,0.966950143165864,0.265625
0.01,0.7,10,64,0.959016393442623,0.95519886792954,0.265625
0.01,0.7,10,128,0.959016393442623,0.946124662858992,0.265625
0.01,0.7,20,16,0.959016393442623,0.906674730300795,0.28125
0.01,0.7,20,32,0.959016393442623,0.951996251331532,0.25
0.01,0.7,20,64,0.959016393442623,0.959412980317359,0.3125
0.01,0.7,20,128,0.959016393442623,0.916820212663318,0.265625
0.01,0.7,30,16,0.959016393442623,0.969579692480112,0.265625
0.01,0.7,30,32,0.959016393442623,0.944323140207267,0.265625
0.01,0.7,30,64,0.959016393442623,0.947462108527853,0.28125
0.01,0.7,30,128,0.959016393442623,0.904781885100439,0.265625
0.01,0.9,10,16,0.959016393442623,0.947321407341392,0.21875
0.01,0.9,10,32,0.959016393442623,0.923210831020652,0.21875
0.01,0.9,10,64,0.959016393442623,0.965987982674396,0.25
0.01,0.9,10,128,0.959016393442623,0.951792006998025,0.203125
0.01,0.9,20,16,0.959016393442623,0.969698502400129,0.265625
0.01,0.9,20,32,0.959016393442623,0.963964482808381,0.25
0.01,0.9,20,64,0.959016393442623,0.957500373263508,0.21875
0.01,0.9,20,128,0.959016393442623,0.964315315296896,0.28125
0.01,0.9,30,16,0.959016393442623,0.929890902497488,0.265625
0.01,0.9,30,32,0.959016393442623,0.878221900378088,0.234375
0.01,0.9,30,64,0.959016393442623,0.954633673785251,0.28125
0.01,0.9,30,128,0.959016393442623,0.905986016800447,0.3125
0.03,0.5,10,16,0.959016393442623,0.938777706904545,0.203125
0.03,0.5,10,32,0.959016393442623,0.966901734790818,0.25
0.03,0.5,10,64,0.959016393442623,0.906582082345901,0.296875
0.03,0.5,10,128,0.959016393442623,0.945831633203625,0.203125
0.03,0.5,20,16,0.959016393442623,0.963092526514632,0.234375
0.03,0.5,20,32,0.959016393442623,0.927370041712088,0.265625
0.03,0.5,20,64,0.959016393442623,0.95007173454672,0.3125
0.03,0.5,20,128,0.959016393442623,0.858478185558026,0.21875
0.03,0.5,30,16,0.959016393442623,0.952375844486833,0.25
0.03,0.5,30,32,0.959016393442623,0.973864774565123,0.28125
0.03,0.5,30,64,0.959016393442623,0.933643403640314,0.21875
0.03,0.5,30,128,0.959016393442623,0.966114573157942,0.265625
0.03,0.6,10,16,0.959016393442623,0.965749258651475,0.25
0.03,0.6,10,32,0.959016393442623,0.947565526299836,0.234375
0.03,0.6,10,64,0.959016393442623,0.949406967813122,0.296875
0.03,0.6,10,128,0.959016393442623,0.938927747892572,0.234375
0.03,0.6,20,16,0.959016393442623,0.941004891719098,0.3125
0.03,0.6,20,32,0.959016393442623,0.940269901049604,0.21875
0.03,0.6,20,64,0.959016393442623,0.97391513476073,0.265625
0.03,0.6,20,128,0.959016393442623,0.966398966017561,0.28125
0.03,0.6,30,16,0.959016393442623,0.941730369885141,0.25
0.03,0.6,30,32,0.959016393442623,0.947752984479125,0.25
0.03,0.6,30,64,0.959016393442623,0.971675712573194,0.28125
0.03,0.6,30,128,0.959016393442623,0.888999081893164,0.28125
0.03,0.7,10,16,0.959016393442623,0.952459372064773,0.21875
0.03,0.7,10,32,0.959016393442623,0.954758340841641,0.234375
0.03,0.7,10,64,0.959016393442623,0.929321828968319,0.21875
0.03,0.7,10,128,0.959016393442623,0.918580974358444,0.296875
0.03,0.7,20,16,0.959016393442623,0.963785055763203,0.296875
0.03,0.7,20,32,0.959016393442623,0.888079508361449,0.265625
0.03,0.7,20,64,0.959016393442623,0.948066385445528,0.28125
0.03,0.7,20,128,0.959016393442623,0.953529160840629,0.203125
0.03,0.7,30,16,0.959016393442623,0.950457122740827,0.25
0.03,0.7,30,32,0.959016393442623,0.942575236744068,0.25
0.03,0.7,30,64,0.959016393442623,0.955247916096211,0.3125
0.03,0.7,30,128,0.959016393442623,0.921907689947397,0.28125
0.03,0.9,10,16,0.959016393442623,0.91987561505697,0.28125
0.03,0.9,10,32,0.959016393442623,0.941147464043382,0.296875
0.03,0.9,10,64,0.959016393442623,0.953204486745326,0.265625
0.03,0.9,10,128,0.959016393442623,0.934389805099948,0.234375
0.03,0.9,20,16,0.959016393442623,0.935148206273113,0.234375
0.03,0.9,20,32,0.959016393442623,0.971466117343001,0.234375
0.03,0.9,20,64,0.959016393442623,0.943078723188994,0.3125
0.03,0.9,20,128,0.959016393442623,0.941370872076051,0.265625
0.03,0.9,30,16,0.959016393442623,0.907973152675864,0.296875
0.03,0.9,30,32,0.959016393442623,0.959941371736004,0.28125
0.03,0.9,30,64,0.959016393442623,0.959369935081961,0.28125
0.03,0.9,30,128,0.959016393442623,0.982403926892804,0.265625
0.1,0.5,10,16,0.959016393442623,0.919728693995515,0.21875
0.1,0.5,10,32,0.959016393442623,0.961369673779277,0.25
0.1,0.5,10,64,0.959016393442623,0.961042193046236,0.25
0.1,0.5,10,128,0.959016393442623,0.930507450886346,0.265625
0.1,0.5,20,16,0.959016393442623,0.956947506306686,0.234375
0.1,0.5,20,32,0.959016393442623,0.966039035963859,0.296875
0.1,0.5,20,64,0.959016393442623,0.915788720731697,0.234375
0.1,0.5,20,128,0.959016393442623,0.95993984990854,0.265625
0.1,0.5,30,16,0.959016393442623,0.869956096666133,0.234375
0.1,0.5,30,32,0.959016393442623,0.964354634264989,0.28125
0.1,0.5,30,64,0.959016393442623,0.934805409913398,0.265625
0.1,0.5,30,128,0.959016393442623,0.92792371160135,0.234375
0.1,0.6,10,16,0.959016393442623,0.945753408422057,0.296875
0.1,0.6,10,32,0.959016393442623,0.89635493917619,0.265625
0.1,0.6,10,64,0.959016393442623,0.957090154182654,0.21875
0.1,0.6,10,128,0.959016393442623,0.96738618357934,0.234375
0.1,0.6,20,16,0.959016393442623,0.908314296674483,0.21875
0.1,0.6,20,32,0.959016393442623,0.897282945163187,0.265625
0.1,0.6,20,64,0.959016393442623,0.97224945690565,0.234375
0.1,0.6,20,128,0.959016393442623,0.966407654201939,0.265625
0.1,0.6,30,16,0.959016393442623,0.951853948008122,0.28125
0.1,0.6,30,32,0.959016393442623,0.915007319810793,0.296875
0.1,0.6,30,64,0.959016393442623,0.966157181116287,0.28125
0.1,0.6,30,128,0.959016393442623,0.972520056606976,0.296875
0.1,0.7,10,16,0.959016393442623,0.957413066221184,0.265625
0.1,0.7,10,32,0.959016393442623,0.918285034763764,0.203125
0.1,0.7,10,64,0.959016393442623,0.938858230631437,0.21875
0.1,0.7,10,128,0.959016393442623,0.934852624103141,0.203125
0.1,0.7,20,16,0.959016393442623,0.900264590078637,0.234375
0.1,0.7,20,32,0.959016393442623,0.929575611986076,0.265625
0.1,0.7,20,64,0.959016393442623,0.975641868284407,0.234375
0.1,0.7,20,128,0.959016393442623,0.964365933042365,0.265625
0.1,0.7,30,16,0.959016393442623,0.94699393416879,0.265625
0.1,0.7,30,32,0.959016393442623,0.905024894884874,0.265625
0.1,0.7,30,64,0.959016393442623,0.966131180534392,0.265625
0.1,0.7,30,128,0.959016393442623,0.955484538725594,0.28125
0.1,0.9,10,16,0.959016393442623,0.959261084541837,0.234375
0.1,0.9,10,32,0.959016393442623,0.962282531168292,0.1875
0.1,0.9,10,64,0.959016393442623,0.894571245552893,0.21875
0.1,0.9,10,128,0.959016393442623,0.968126436287288,0.234375
0.1,0.9,20,16,0.959016393442623,0.927911363608012,0.25
0.1,0.9,20,32,0.959016393442623,0.950082695375473,0.234375
0.1,0.9,20,64,0.959016393442623,0.951688609457928,0.265625
0.1,0.9,20,128,0.959016393442623,0.972387595719361,0.25
0.1,0.9,30,16,0.959016393442623,0.969438290151308,0.265625
0.1,0.9,30,32,0.959016393442623,0.868841180778714,0.25
0.1,0.9,30,64,0.959016393442623,0.961965871863958,0.234375
0.1,0.9,30,128,0.959016393442623,0.920472572895042,0.234375
0.3,0.5,10,16,0.959016393442623,0.964779101675687,0.203125
0.3,0.5,10,32,0.959016393442623,0.929862048085521,0.21875
0.3,0.5,10,64,0.959016393442623,0.939854133570056,0.3125
0.3,0.5,10,128,0.959016393442623,0.930414860577561,0.234375
0.3,0.5,20,16,0.959016393442623,0.950529757597464,0.328125
0.3,0.5,20,32,0.959016393442623,0.939010520092057,0.234375
0.3,0.5,20,64,0.959016393442623,0.937591240445173,0.234375
0.3,0.5,20,128,0.959016393442623,0.953191000759835,0.296875
0.3,0.5,30,16,0.959016393442623,0.87521229234257,0.265625
0.3,0.5,30,32,0.959016393442623,0.931293088023575,0.296875
0.3,0.5,30,64,0.959016393442623,0.878718574039541,0.28125
0.3,0.5,30,128,0.959016393442623,0.915427122917571,0.21875
0.3,0.6,10,16,0.959016393442623,0.947498998724237,0.265625
0.3,0.6,10,32,0.959016393442623,0.942516783446082,0.234375
0.3,0.6,10,64,0.959016393442623,0.942869659080998,0.234375
0.3,0.6,10,128,0.959016393442623,0.925541070656145,0.25
0.3,0.6,20,16,0.959016393442623,0.9505622763066,0.265625
0.3,0.6,20,32,0.959016393442623,0.953136183560842,0.234375
0.3,0.6,20,64,0.959016393442623,0.939693199259794,0.265625
0.3,0.6,20,128,0.959016393442623,0.935015086877516,0.234375
0.3,0.6,30,16,0.959016393442623,0.893085531731627,0.25
0.3,0.6,30,32,0.959016393442623,0.959764656355667,0.25
0.3,0.6,30,64,0.959016393442623,0.913469877282467,0.234375
0.3,0.6,30,128,0.959016393442623,0.954409676182904,0.21875
0.3,0.7,10,16,0.959016393442623,0.931552650719372,0.25
0.3,0.7,10,32,0.959016393442623,0.939773662455673,0.28125
0.3,0.7,10,64,0.959016393442623,0.967782046707427,0.1875
0.3,0.7,10,128,0.959016393442623,0.972564975334986,0.265625
0.3,0.7,20,16,0.959016393442623,0.974794413267808,0.25
0.3,0.7,20,32,0.959016393442623,0.939568891454566,0.28125
0.3,0.7,20,64,0.959016393442623,0.960024495279121,0.234375
0.3,0.7,20,128,0.959016393442623,0.952324798450605,0.296875
0.3,0.7,30,16,0.959016393442623,0.85768269251644,0.28125
0.3,0.7,30,32,0.959016393442623,0.939507539386529,0.265625
0.3,0.7,30,64,0.959016393442623,0.973395686214935,0.265625
0.3,0.7,30,128,0.959016393442623,0.931829366281075,0.234375
0.3,0.9,10,16,0.959016393442623,0.941244662556443,0.25
0.3,0.9,10,32,0.959016393442623,0.940878646998334,0.28125
0.3,0.9,10,64,0.959016393442623,0.974040741760284,0.25
0.3,0.9,10,128,0.959016393442623,0.921941979771425,0.203125
0.3,0.9,20,16,0.959016393442623,0.951495405017565,0.25
0.3,0.9,20,32,0.959016393442623,0.912143544851674,0.234375
0.3,0.9,20,64,0.959016393442623,0.954672608094702,0.234375
0.3,0.9,20,128,0.959016393442623,0.950681284779841,0.265625
0.3,0.9,30,16,0.959016393442623,0.974070838216919,0.28125
0.3,0.9,30,32,0.959016393442623,0.89976306330783,0.25
0.3,0.9,30,64,0.959016393442623,0.865979054490072,0.28125
0.3,0.9,30,128,0.959016393442623,0.965901917940653,0.25
1,0.5,10,16,0.959016393442623,0.968209355879133,0.21875
1,0.5,10,32,0.959016393442623,0.947529122793014,0.234375
1,0.5,10,64,0.959016393442623,0.954217285546498,0.265625
1,0.5,10,128,0.959016393442623,0.924250408817173,0.265625
1,0.5,20,16,0.959016393442623,0.95210397771001,0.296875
1,0.5,20,32,0.959016393442623,0.90260176202399,0.25
1,0.5,20,64,0.959016393442623,0.921137821890963,0.28125
1,0.5,20,128,0.959016393442623,0.973901321277552,0.3125
1,0.5,30,16,0.959016393442623,0.938508299750932,0.21875
1,0.5,30,32,0.959016393442623,0.887502518907647,0.234375
1,0.5,30,64,0.959016393442623,0.923381044863636,0.21875
1,0.5,30,128,0.959016393442623,0.976793481748957,0.296875
1,0.6,10,16,0.959016393442623,0.916779352045717,0.1875
1,0.6,10,32,0.959016393442623,0.931924949084771,0.234375
1,0.6,10,64,0.959016393442623,0.919642571342424,0.28125
1,0.6,10,128,0.959016393442623,0.962443089949942,0.234375
1,0.6,20,16,0.959016393442623,0.950745523273936,0.328125
1,0.6,20,32,0.959016393442623,0.953933100829382,0.234375
1,0.6,20,64,0.959016393442623,0.942725494533193,0.25
1,0.6,20,128,0.959016393442623,0.938136453710729,0.21875
1,0.6,30,16,0.959016393442623,0.971163270471878,0.28125
1,0.6,30,32,0.959016393442623,0.893535005480902,0.28125
1,0.6,30,64,0.959016393442623,0.955816773161664,0.296875
1,0.6,30,128,0.959016393442623,0.928355213412336,0.25
1,0.7,10,16,0.959016393442623,0.942146573708006,0.25
1,0.7,10,32,0.959016393442623,0.94006829897403,0.25
1,0.7,10,64,0.959016393442623,0.959115204844368,0.25
1,0.7,10,128,0.959016393442623,0.986108005335159,0.28125
1,0.7,20,16,0.959016393442623,0.980079167450744,0.265625
1,0.7,20,32,0.959016393442623,0.926785321643173,0.21875
1,0.7,20,64,0.959016393442623,0.959353010989034,0.28125
1,0.7,20,128,0.959016393442623,0.938964399538664,0.265625
1,0.7,30,16,0.959016393442623,0.909647718003892,0.234375
1,0.7,30,32,0.959016393442623,0.948147143428601,0.265625
1,0.7,30,64,0.959016393442623,0.918749303924037,0.25
1,0.7,30,128,0.959016393442623,0.937261710770021,0.28125
1,0.9,10,16,0.959016393442623,0.946468068568105,0.328125
1,0.9,10,32,0.959016393442623,0.914270090894064,0.265625
1,0.9,10,64,0.959016393442623,0.902292036431897,0.21875
1,0.9,10,128,0.959016393442623,0.925214286587353,0.28125
1,0.9,20,16,0.959016393442623,0.914416756936602,0.234375
1,0.9,20,32,0.959016393442623,0.959859270384125,0.265625
1,0.9,20,64,0.959016393442623,0.95527705918499,0.265625
1,0.9,20,128,0.959016393442623,0.96279360762627,0.25
1,0.9,30,16,0.959016393442623,0.947085139761851,0.25
1,0.9,30,32,0.959016393442623,0.90046483268587,0.25
1,0.9,30,64,0.959016393442623,0.901869857147353,0.25
1,0.9,30,128,0.959016393442623,0.971039553600852,0.265625
0.001,0.5,10,16,0.950819672131147,0.948694480901852,0.28125
0.001,0.5,10,32,0.950819672131147,0.903428875574977,0.234375
0.001,0.5,10,64,0.950819672131147,0.949885931940484,0.3125
0.001,0.5,10,128,0.950819672131147,0.899401274193508,0.25
0.001,0.5,20,16,0.950819672131147,0.885802094739637,0.203125
0.001,0.5,20,32,0.950819672131147,0.939786867933748,0.234375
0.001,0.5,20,64,0.950819672131147,0.928169795884431,0.28125
0.001,0.5,20,128,0.950819672131147,0.92753394399144,0.265625
0.001,0.5,30,16,0.950819672131147,0.938667643394016,0.984375
0.001,0.5,30,32,0.950819672131147,0.874659627597488,0.28125
0.001,0.5,30,64,0.950819672131147,0.927985935726554,0.296875
0.001,0.5,30,128,0.950819672131147,0.901875913740638,0.28125
0.001,0.6,10,16,0.950819672131147,0.953499619741044,0.296875
0.001,0.6,10,32,0.950819672131147,0.899897767465916,0.265625
0.001,0.6,10,64,0.950819672131147,0.962897479236734,0.234375
0.001,0.6,10,128,0.950819672131147,0.929461988494016,0.296875
0.001,0.6,20,16,0.950819672131147,0.936401842567065,0.3125
0.001,0.6,20,32,0.950819672131147,0.981042846483595,0.34375
0.001,0.6,20,64,0.950819672131147,0.86172910138561,0.296875
0.001,0.6,20,128,0.950819672131147,0.973924143701198,0.265625
0.001,0.6,30,16,0.950819672131147,0.934177950605837,0.25
0.001,0.6,30,32,0.950819672131147,0.931774271082157,0.328125
0.001,0.6,30,64,0.950819672131147,0.88631730901208,0.28125
0.001,0.6,30,128,0.950819672131147,0.939568163697238,0.296875
0.001,0.7,10,16,0.950819672131147,0.903483385333285,0.28125
0.001,0.7,10,32,0.950819672131147,0.954573552496155,0.34375
0.001,0.7,10,64,0.950819672131147,0.982560040087939,0.328125
0.001,0.7,10,128,0.950819672131147,0.895817277770168,0.265625
0.001,0.7,20,16,0.950819672131147,0.84953272844677,0.328125
0.001,0.7,20,32,0.950819672131147,0.969586291469758,0.296875
0.001,0.7,20,64,0.950819672131147,0.943800361834428,0.265625
0.001,0.7,20,128,0.950819672131147,0.91780657223734,0.296875
0.001,0.7,30,16,0.950819672131147,0.890475481545266,0.28125
0.001,0.7,30,32,0.950819672131147,0.963018593233668,0.359375
0.001,0.7,30,64,0.950819672131147,0.949474726930132,0.34375
0.001,0.7,30,128,0.950819672131147,0.963227653705028,0.359375
0.001,0.9,10,16,0.950819672131147,0.917003217312437,0.296875
0.001,0.9,10,32,0.950819672131147,0.923696764366274,0.234375
0.001,0.9,10,64,0.950819672131147,0.945546111026293,0.234375
0.001,0.9,10,128,0.950819672131147,0.91832315372426,0.25
0.001,0.9,20,16,0.950819672131147,0.919019249598234,0.265625
0.001,0.9,20,32,0.950819672131147,0.923583410227405,0.265625
0.001,0.9,20,64,0.950819672131147,0.917067051897729,0.28125
0.001,0.9,20,128,0.950819672131147,0.93606012125476,0.25
0.001,0.9,30,16,0.950819672131147,0.886793703508014,0.328125
0.001,0.9,30,32,0.950819672131147,0.916413144056094,0.328125
0.001,0.9,30,64,0.950819672131147,0.899921304917247,0.25
0.001,0.9,30,128,0.950819672131147,0.884227580252367,0.296875
0.003,0.5,10,16,0.950819672131147,0.948996125441287,0.234375
0.003,0.5,10,32,0.950819672131147,0.926127048428036,0.28125
0.003,0.5,10,64,0.950819672131147,0.909094637043171,0.265625
0.003,0.5,10,128,0.950819672131147,0.930585140347851,0.265625
0.003,0.5,20,16,0.950819672131147,0.872559706784324,0.296875
0.003,0.5,20,32,0.950819672131147,0.927213948627045,0.265625
0.003,0.5,20,64,0.950819672131147,0.982379104425382,0.234375
0.003,0.5,20,128,0.950819672131147,0.900246678352152,0.296875
0.003,0.5,30,16,0.950819672131147,0.935909183805518,0.265625
0.003,0.5,30,32,0.950819672131147,0.944980484594617,0.265625
0.003,0.5,30,64,0.950819672131147,0.922753353228198,0.296875
0.003,0.5,30,128,0.950819672131147,0.929578106182464,0.25
0.003,0.6,10,16,0.950819672131147,0.917629298927457,0.234375
0.003,0.6,10,32,0.950819672131147,0.926241635281342,0.265625
0.003,0.6,10,64,0.950819672131147,0.888386573451426,0.234375
0.003,0.6,10,128,0.950819672131147,0.946034280521747,0.25
0.003,0.6,20,16,0.950819672131147,0.933792237604024,0.25
0.003,0.6,20,32,0.950819672131147,0.915729723010566,0.25
0.003,0.6,20,64,0.950819672131147,0.921517971718467,0.25
0.003,0.6,20,128,0.950819672131147,0.898912963735582,0.28125
0.003,0.6,30,16,0.950819672131147,0.941089843171239,0.34375
0.003,0.6,30,32,0.950819672131147,0.912863213456227,0.25
0.003,0.6,30,64,0.950819672131147,0.97037575473298,0.328125
0.003,0.6,30,128,0.950819672131147,0.953302869343339,0.265625
0.003,0.7,10,16,0.950819672131147,0.9041440640848,0.234375
0.003,0.7,10,32,0.950819672131147,0.938685928499224,0.25
0.003,0.7,10,64,0.950819672131147,0.940522438083343,0.265625
0.003,0.7,10,128,0.950819672131147,0.910341105960913,0.25
0.003,0.7,20,16,0.950819672131147,0.921367410221123,0.28125
0.003,0.7,20,32,0.950819672131147,0.912506472322509,0.25
0.003,0.7,20,64,0.950819672131147,0.907666063089821,0.28125
0.003,0.7,20,128,0.950819672131147,0.885149922017034,0.28125
0.003,0.7,30,16,0.950819672131147,0.94039578893039,0.296875
0.003,0.7,30,32,0.950819672131147,0.965957384832731,0.28125
0.003,0.7,30,64,0.950819672131147,0.905574825877316,0.28125
0.003,0.7,30,128,0.950819672131147,0.879289993089102,0.3125
0.003,0.9,10,16,0.950819672131147,0.93172619713028,0.234375
0.003,0.9,10,32,0.950819672131147,0.907915104785033,0.25
0.003,0.9,10,64,0.950819672131147,0.929887577563627,0.265625
0.003,0.9,10,128,0.950819672131147,0.905878488290444,0.234375
0.003,0.9,20,16,0.950819672131147,0.916609234666239,0.234375
0.003,0.9,20,32,0.950819672131147,0.90592291991437,0.25
0.003,0.9,20,64,0.950819672131147,0.922201551369263,0.359375
0.003,0.9,20,128,0.950819672131147,0.931160613882941,0.296875
0.003,0.9,30,16,0.950819672131147,0.909247335844038,0.265625
0.003,0.9,30,32,0.950819672131147,0.932200918932712,0.34375
0.003,0.9,30,64,0.950819672131147,0.936465305973175,0.28125
0.003,0.9,30,128,0.950819672131147,0.946246555041182,0.21875
0.01,0.5,10,16,0.950819672131147,0.938552454839806,0.265625
0.01,0.5,10,32,0.950819672131147,0.894204189118498,0.28125
0.01,0.5,10,64,0.950819672131147,0.944157220705158,0.234375
0.01,0.5,10,128,0.950819672131147,0.921515020253717,0.25
0.01,0.5,20,16,0.950819672131147,0.923167799022199,0.265625
0.01,0.5,20,32,0.950819672131147,0.938833460929557,0.265625
0.01,0.5,20,64,0.950819672131147,0.965580627673687,0.265625
0.01,0.5,20,128,0.950819672131147,0.896446030812915,0.25
0.01,0.5,30,16,0.950819672131147,0.928181741073262,0.25
0.01,0.5,30,32,0.950819672131147,0.869030721460532,0.21875
0.01,0.5,30,64,0.950819672131147,0.934383467481595,0.25
0.01,0.5,30,128,0.950819672131147,0.865225404902356,0.21875
0.01,0.6,10,16,0.950819672131147,0.943582242430439,0.203125
0.01,0.6,10,32,0.950819672131147,0.958565217799485,0.21875
0.01,0.6,10,64,0.950819672131147,0.919120433306406,0.203125
0.01,0.6,10,128,0.950819672131147,0.915622581987779,0.234375
0.01,0.6,20,16,0.950819672131147,0.946744737713841,0.265625
0.01,0.6,20,32,0.950819672131147,0.949594170393423,0.28125
0.01,0.6,20,64,0.950819672131147,0.964876496538362,0.25
0.01,0.6,20,128,0.950819672131147,0.944315410825938,0.296875
0.01,0.6,30,16,0.950819672131147,0.934318821942407,0.28125
0.01,0.6,30,32,0.950819672131147,0.929135793598652,0.28125
0.01,0.6,30,64,0.950819672131147,0.935339302028649,0.28125
0.01,0.6,30,128,0.950819672131147,0.909222843552291,0.265625
0.01,0.7,10,16,0.950819672131147,0.941806736878184,0.25
0.01,0.7,10,32,0.950819672131147,0.92630305052013,0.203125
0.01,0.7,10,64,0.950819672131147,0.915458955757733,0.25
0.01,0.7,10,128,0.950819672131147,0.925941609630451,0.3125
0.01,0.7,20,16,0.950819672131147,0.897149840735679,0.25
0.01,0.7,20,32,0.950819672131147,0.945675975429392,0.234375
0.01,0.7,20,64,0.950819672131147,0.936198453754177,0.28125
0.01,0.7,20,128,0.950819672131147,0.935590639062187,0.234375
0.01,0.7,30,16,0.950819672131147,0.929517585012691,0.265625
0.01,0.7,30,32,0.950819672131147,0.92918181796069,0.265625
0.01,0.7,30,64,0.950819672131147,0.92652183133225,0.21875
0.01,0.7,30,128,0.950819672131147,0.915286388877193,0.296875
0.01,0.9,10,16,0.950819672131147,0.926306452567407,0.234375
0.01,0.9,10,32,0.950819672131147,0.928175785407473,0.25
0.01,0.9,10,64,0.950819672131147,0.932514667899468,0.265625
0.01,0.9,10,128,0.950819672131147,0.936477579523842,0.1875
0.01,0.9,20,16,0.950819672131147,0.936466227381995,0.234375
0.01,0.9,20,32,0.950819672131147,0.936398394533543,0.28125
0.01,0.9,20,64,0.950819672131147,0.958335198228138,0.28125
0.01,0.9,20,128,0.950819672131147,0.972108245441121,0.25
0.01,0.9,30,16,0.950819672131147,0.902118496551394,0.25
0.01,0.9,30,32,0.950819672131147,0.939240124107056,0.28125
0.01,0.9,30,64,0.950819672131147,0.933030434960141,0.203125
0.01,0.9,30,128,0.950819672131147,0.949119138104082,0.21875
0.03,0.5,10,16,0.950819672131147,0.913798980753135,0.28125
0.03,0.5,10,32,0.950819672131147,0.958514026729252,0.25
0.03,0.5,10,64,0.950819672131147,0.925133729214174,0.234375
0.03,0.5,10,128,0.950819672131147,0.936363243463476,0.25
0.03,0.5,20,16,0.950819672131147,0.949110759207175,0.25
0.03,0.5,20,32,0.950819672131147,0.949621498508586,0.21875
0.03,0.5,20,64,0.950819672131147,0.949929657100189,0.265625
0.03,0.5,20,128,0.950819672131147,0.930212210184663,0.265625
0.03,0.5,30,16,0.950819672131147,0.965651284598967,0.234375
0.03,0.5,30,32,0.950819672131147,0.917795837777841,0.25
0.03,0.5,30,64,0.950819672131147,0.926276840930125,0.25
0.03,0.5,30,128,0.950819672131147,0.926650180015954,0.28125
0.03,0.6,10,16,0.950819672131147,0.947741654398468,0.234375
0.03,0.6,10,32,0.950819672131147,0.922451274196038,0.265625
0.03,0.6,10,64,0.950819672131147,0.900652033749481,0.21875
0.03,0.6,10,128,0.950819672131147,0.936085274383972,0.234375
0.03,0.6,20,16,0.950819672131147,0.956489448459827,0.296875
0.03,0.6,20,32,0.950819672131147,0.886565034587706,0.234375
0.03,0.6,20,64,0.950819672131147,0.934860765195735,0.25
0.03,0.6,20,128,0.950819672131147,0.935885956280003,0.28125
0.03,0.6,30,16,0.950819672131147,0.916128453290519,0.328125
0.03,0.6,30,32,0.950819672131147,0.940880961876171,0.25
0.03,0.6,30,64,0.950819672131147,0.938373894255993,0.28125
0.03,0.6,30,128,0.950819672131147,0.889567239743794,0.265625
0.03,0.7,10,16,0.950819672131147,0.947701176763264,0.296875
0.03,0.7,10,32,0.950819672131147,0.904271754505026,0.21875
0.03,0.7,10,64,0.950819672131147,0.966728090196952,0.234375
0.03,0.7,10,128,0.950819672131147,0.94065994374272,0.25
0.03,0.7,20,16,0.950819672131147,0.919241736562834,0.3125
0.03,0.7,20,32,0.950819672131147,0.927616031807637,0.3125
0.03,0.7,20,64,0.950819672131147,0.927864486515684,0.296875
0.03,0.7,20,128,0.950819672131147,0.974219118939515,0.25
0.03,0.7,30,16,0.950819672131147,0.934075260279915,0.234375
0.03,0.7,30,32,0.950819672131147,0.911649967793473,0.265625
0.03,0.7,30,64,0.950819672131147,0.971000993336419,0.25
0.03,0.7,30,128,0.950819672131147,0.918526201538198,0.3125
0.03,0.9,10,16,0.950819672131147,0.930631835078624,0.3125
0.03,0.9,10,32,0.950819672131147,0.920482213486071,0.234375
0.03,0.9,10,64,0.950819672131147,0.90223678487809,0.265625
0.03,0.9,10,128,0.950819672131147,0.933071296154234,0.265625
0.03,0.9,20,16,0.950819672131147,0.926191035812308,0.234375
0.03,0.9,20,32,0.950819672131147,0.916822737560814,0.234375
0.03,0.9,20,64,0.950819672131147,0.934244087729097,0.234375
0.03,0.9,20,128,0.950819672131147,0.926847001903113,0.28125
0.03,0.9,30,16,0.950819672131147,0.976691684699806,0.203125
0.03,0.9,30,32,0.950819672131147,0.900929289443876,0.328125
0.03,0.9,30,64,0.950819672131147,0.959876398072721,0.234375
0.03,0.9,30,128,0.950819672131147,0.936946366169015,0.25
0.1,0.5,10,16,0.950819672131147,0.93331474221009,0.265625
0.1,0.5,10,32,0.950819672131147,0.92787341434507,0.265625
0.1,0.5,10,64,0.950819672131147,0.931112765586226,0.28125
0.1,0.5,10,128,0.950819672131147,0.882181580252453,0.28125
0.1,0.5,20,16,0.950819672131147,0.932384053812785,0.28125
0.1,0.5,20,32,0.950819672131147,0.862166369368135,0.21875
0.1,0.5,20,64,0.950819672131147,0.941222982390998,0.296875
0.1,0.5,20,128,0.950819672131147,0.97960513348869,0.3125
0.1,0.5,30,16,0.950819672131147,0.920563581244565,0.25
0.1,0.5,30,32,0.950819672131147,0.925072185906419,0.328125
0.1,0.5,30,64,0.950819672131147,0.897395395177144,0.296875
0.1,0.5,30,128,0.950819672131147,0.930622976714615,0.3125
0.1,0.6,10,16,0.950819672131147,0.87983036066358,0.296875
0.1,0.6,10,32,0.950819672131147,0.921760830216479,0.3125
0.1,0.6,10,64,0.950819672131147,0.929195301143822,0.265625
0.1,0.6,10,128,0.950819672131147,0.942002570846262,0.28125
0.1,0.6,20,16,0.950819672131147,0.922737862644588,0.265625
0.1,0.6,20,32,0.950819672131147,0.772146097657861,0.296875
0.1,0.6,20,64,0.950819672131147,0.85990168447836,0.28125
0.1,0.6,20,128,0.950819672131147,0.922734851872118,0.265625
0.1,0.6,30,16,0.950819672131147,0.943822586975904,0.25
0.1,0.6,30,32,0.950819672131147,0.938503008667088,0.265625
0.1,0.6,30,64,0.950819672131147,0.960737711948508,0.296875
0.1,0.6,30,128,0.950819672131147,0.923245038219371,0.265625
0.1,0.7,10,16,0.950819672131147,0.903290544374935,0.28125
0.1,0.7,10,32,0.950819672131147,0.917707151856305,0.25
0.1,0.7,10,64,0.950819672131147,0.939076307246818,0.296875
0.1,0.7,10,128,0.950819672131147,0.93872420726997,0.265625
0.1,0.7,20,16,0.950819672131147,0.956815805409046,0.28125
0.1,0.7,20,32,0.950819672131147,0.917008017169654,0.296875
0.1,0.7,20,64,0.950819672131147,0.967582853323968,0.296875
0.1,0.7,20,128,0.950819672131147,0.947797984204265,0.28125
0.1,0.7,30,16,0.950819672131147,0.963495941559766,0.25
0.1,0.7,30,32,0.950819672131147,0.922711081704411,0.3125
0.1,0.7,30,64,0.950819672131147,0.95035746149673,0.28125
0.1,0.7,30,128,0.950819672131147,0.947869742686094,0.25
0.1,0.9,10,16,0.950819672131147,0.928286368478974,0.265625
0.1,0.9,10,32,0.950819672131147,0.947820714580752,0.234375
0.1,0.9,10,64,0.950819672131147,0.936440238342367,0.28125
0.1,0.9,10,128,0.950819672131147,0.905740668421026,0.265625
0.1,0.9,20,16,0.950819672131147,0.926159743403511,0.265625
0.1,0.9,20,32,0.950819672131147,0.951279453892803,0.296875
0.1,0.9,20,64,0.950819672131147,0.917514684238164,0.25
0.1,0.9,20,128,0.950819672131147,0.93309747128532,0.3125
0.1,0.9,30,16,0.950819672131147,0.96022591824058,0.265625
0.1,0.9,30,32,0.950819672131147,0.936649606179695,0.265625
0.1,0.9,30,64,0.950819672131147,0.92832808453105,0.28125
0.1,0.9,30,128,0.950819672131147,0.937272643877077,0.3125
0.3,0.5,10,16,0.950819672131147,0.936012247228089,0.265625
0.3,0.5,10,32,0.950819672131147,0.911415447042242,0.265625
0.3,0.5,10,64,0.950819672131147,0.910241311333977,0.265625
0.3,0.5,10,128,0.950819672131147,0.889878058177857,0.296875
0.3,0.5,20,16,0.950819672131147,0.954701929110745,0.25
0.3,0.5,20,32,0.950819672131147,0.870972282419457,0.296875
0.3,0.5,20,64,0.950819672131147,0.912642952221717,0.296875
0.3,0.5,20,128,0.950819672131147,0.932075356338428,0.28125
0.3,0.5,30,16,0.950819672131147,0.935988344506377,0.28125
0.3,0.5,30,32,0.950819672131147,0.97144069102922,0.328125
0.3,0.5,30,64,0.950819672131147,0.945307421783213,0.265625
0.3,0.5,30,128,0.950819672131147,0.945982650731811,0.265625
0.3,0.6,10,16,0.950819672131147,0.935197768164321,0.25
0.3,0.6,10,32,0.950819672131147,0.839917179378945,0.25
0.3,0.6,10,64,0.950819672131147,0.926720434821965,0.234375
0.3,0.6,10,128,0.950819672131147,0.909700674397698,0.265625
0.3,0.6,20,16,0.950819672131147,0.94871177170287,0.28125
0.3,0.6,20,32,0.950819672131147,0.940771757374633,0.21875
0.3,0.6,20,64,0.950819672131147,0.942235666020157,0.234375
0.3,0.6,20,128,0.950819672131147,0.924656715293342,0.265625
0.3,0.6,30,16,0.950819672131147,0.926785026315376,0.28125
0.3,0.6,30,32,0.950819672131147,0.96460186977237,0.21875
0.3,0.6,30,64,0.950819672131147,0.897007214255208,0.25
0.3,0.6,30,128,0.950819672131147,0.913420146223651,0.265625
0.3,0.7,10,16,0.950819672131147,0.922593319878485,0.28125
0.3,0.7,10,32,0.950819672131147,0.930637378916158,0.234375
0.3,0.7,10,64,0.950819672131147,0.84881842999783,0.296875
0.3,0.7,10,128,0.950819672131147,0.932060646586869,0.234375
0.3,0.7,20,16,0.950819672131147,0.968866537975905,0.265625
0.3,0.7,20,32,0.950819672131147,0.928375138482941,0.25
0.3,0.7,20,64,0.950819672131147,0.93990493638695,0.265625
0.3,0.7,20,128,0.950819672131147,0.914784378724459,0.28125
0.3,0.7,30,16,0.950819672131147,0.977371659914661,0.265625
0.3,0.7,30,32,0.950819672131147,0.906974005203643,0.265625
0.3,0.7,30,64,0.950819672131147,0.893147056026272,0.3125
0.3,0.7,30,128,0.950819672131147,0.918658126227516,0.28125
0.3,0.9,10,16,0.950819672131147,0.907622157732929,0.28125
0.3,0.9,10,32,0.950819672131147,0.943022503490094,0.296875
0.3,0.9,10,64,0.950819672131147,0.927006903364498,0.296875
0.3,0.9,10,128,0.950819672131147,0.936447603469261,0.25
0.3,0.9,20,16,0.950819672131147,0.906958284449769,0.25
0.3,0.9,20,32,0.950819672131147,0.932044545924855,0.265625
0.3,0.9,20,64,0.950819672131147,0.943288084599133,0.25
0.3,0.9,20,128,0.950819672131147,0.97878941010867,0.265625
0.3,0.9,30,16,0.950819672131147,0.922247884704813,0.328125
0.3,0.9,30,32,0.950819672131147,0.868180309253941,0.265625
0.3,0.9,30,64,0.950819672131147,0.90332654166593,0.234375
0.3,0.9,30,128,0.950819672131147,0.903346084213869,0.25
1,0.5,10,16,0.950819672131147,0.925871543108586,0.265625
1,0.5,10,32,0.950819672131147,0.95124470861756,0.265625
1,0.5,10,64,0.950819672131147,0.884773202803517,0.25
1,0.5,10,128,0.950819672131147,0.960790136592442,0.265625
1,0.5,20,16,0.950819672131147,0.901920751844375,0.296875
1,0.5,20,32,0.950819672131147,0.977018442243952,0.28125
1,0.5,20,64,0.950819672131147,0.900992005420972,0.265625
1,0.5,20,128,0.950819672131147,0.90053534927906,0.21875
1,0.5,30,16,0.950819672131147,0.954590590021462,0.25
1,0.5,30,32,0.950819672131147,0.924883442304345,0.28125
1,0.5,30,64,0.950819672131147,0.950014498250633,0.296875
1,0.5,30,128,0.950819672131147,0.897663624738564,0.265625
1,0.6,10,16,0.950819672131147,0.943785966724829,0.28125
1,0.6,10,32,0.950819672131147,0.924026056145945,0.234375
1,0.6,10,64,0.950819672131147,0.899334719330567,0.296875
1,0.6,10,128,0.950819672131147,0.905260291869328,0.234375
1,0.6,20,16,0.950819672131147,0.953574087757109,0.359375
1,0.6,20,32,0.950819672131147,0.93150910347729,0.234375
1,0.6,20,64,0.950819672131147,0.929066168550032,0.25
1,0.6,20,128,0.950819672131147,0.929126833094858,0.296875
1,0.6,30,16,0.950819672131147,0.973806794898742,0.25
1,0.6,30,32,0.950819672131147,0.90160302197802,0.28125
1,0.6,30,64,0.950819672131147,0.94800476227427,0.296875
1,0.6,30,128,0.950819672131147,0.963076698388017,0.328125
1,0.7,10,16,0.950819672131147,0.894413665094725,0.234375
1,0.7,10,32,0.950819672131147,0.924089685376327,0.234375
1,0.7,10,64,0.950819672131147,0.906827481420325,0.25
1,0.7,10,128,0.950819672131147,0.936217324857853,0.28125
1,0.7,20,16,0.950819672131147,0.874897882778759,0.296875
1,0.7,20,32,0.950819672131147,0.951076811276543,0.265625
1,0.7,20,64,0.950819672131147,0.923269647083357,0.28125
1,0.7,20,128,0.950819672131147,0.972136739056135,0.265625
1,0.7,30,16,0.950819672131147,0.951358688114947,0.28125
1,0.7,30,32,0.950819672131147,0.953597848155842,0.265625
1,0.7,30,64,0.950819672131147,0.893581828759854,0.265625
1,0.7,30,128,0.950819672131147,0.94946591525748,0.25
1,0.9,10,16,0.950819672131147,0.912671552932867,0.234375
1,0.9,10,32,0.950819672131147,0.870005762299847,0.296875
1,0.9,10,64,0.950819672131147,0.983339438501425,0.21875
1,0.9,10,128,0.950819672131147,0.903244784828514,0.21875
1,0.9,20,16,0.950819672131147,0.942676841109345,0.328125
1,0.9,20,32,0.950819672131147,0.921504202214924,0.328125
1,0.9,20,64,0.950819672131147,0.883389988301839,0.28125
1,0.9,20,128,0.950819672131147,0.963156043095025,0.234375
1,0.9,30,16,0.950819672131147,0.894923549644689,0.28125
1,0.9,30,32,0.950819672131147,0.910266816252004,0.265625
1,0.9,30,64,0.950819672131147,0.949605570793533,0.28125
1,0.9,30,128,0.950819672131147,0.909376268383433,0.296875
0.001,0.5,10,16,0.950819672131147,0.899222789739972,0.25
0.001,0.5,10,32,0.950819672131147,0.905576848918591,0.25
0.001,0.5,10,64,0.950819672131147,0.919022586697169,0.265625
0.001,0.5,10,128,0.950819672131147,0.910438032804264,0.1875
0.001,0.5,20,16,0.950819672131147,0.874833806256478,0.21875
0.001,0.5,20,32,0.950819672131147,0.931912566058754,0.21875
0.001,0.5,20,64,0.950819672131147,0.909898414691191,0.28125
0.001,0.5,20,128,0.950819672131147,0.887719531875416,0.28125
0.001,0.5,30,16,0.950819672131147,0.736188541022937,0.25
0.001,0.5,30,32,0.950819672131147,0.771228220893338,0.25
0.001,0.5,30,64,0.950819672131147,0.854382999577819,0.265625
0.001,0.5,30,128,0.950819672131147,0.844377152726022,0.28125
0.001,0.6,10,16,0.950819672131147,0.917018219666129,0.3125
0.001,0.6,10,32,0.950819672131147,0.905175179929286,0.25
0.001,0.6,10,64,0.950819672131147,0.893934754999151,0.25
0.001,0.6,10,128,0.950819672131147,0.857000640726785,0.21875
0.001,0.6,20,16,0.950819672131147,0.874145714128938,0.234375
0.001,0.6,20,32,0.950819672131147,0.936266774725933,0.265625
0.001,0.6,20,64,0.950819672131147,0.877638495180348,0.234375
0.001,0.6,20,128,0.950819672131147,0.922282227463229,0.296875
0.001,0.6,30,16,0.950819672131147,0.876963697828792,0.3125
0.001,0.6,30,32,0.950819672131147,0.934006673269099,0.265625
0.001,0.6,30,64,0.950819672131147,0.904513160024464,0.21875
0.001,0.6,30,128,0.950819672131147,0.859152050259713,0.25
0.001,0.7,10,16,0.950819672131147,0.901100331589855,0.234375
0.001,0.7,10,32,0.950819672131147,0.916650992255536,0.25
0.001,0.7,10,64,0.950819672131147,0.893258299004539,0.25
0.001,0.7,10,128,0.950819672131147,0.896124687071698,0.21875
0.001,0.7,20,16,0.950819672131147,0.907625799678303,0.21875
0.001,0.7,20,32,0.950819672131147,0.897819742479685,0.203125
0.001,0.7,20,64,0.950819672131147,0.879017352530064,0.296875
0.001,0.7,20,128,0.950819672131147,0.910479900570925,0.203125
0.001,0.7,30,16,0.950819672131147,0.798308594018343,0.234375
0.001,0.7,30,32,0.950819672131147,0.902462564334267,0.234375
0.001,0.7,30,64,0.950819672131147,0.913692555073459,0.234375
0.001,0.7,30,128,0.950819672131147,0.89204245641933,0.28125
0.001,0.9,10,16,0.950819672131147,0.882892755466489,0.21875
0.001,0.9,10,32,0.950819672131147,0.923233773811041,0.25
0.001,0.9,10,64,0.950819672131147,0.896646912888815,0.265625
0.001,0.9,10,128,0.950819672131147,0.914570998658665,0.265625
0.001,0.9,20,16,0.950819672131147,0.91381637319617,0.28125
0.001,0.9,20,32,0.950819672131147,0.902073869831633,0.265625
0.001,0.9,20,64,0.950819672131147,0.933192539825407,0.25
0.001,0.9,20,128,0.950819672131147,0.902849346371479,0.234375
0.001,0.9,30,16,0.950819672131147,0.879829847607352,0.28125
0.001,0.9,30,32,0.950819672131147,0.931038700452962,0.265625
0.001,0.9,30,64,0.950819672131147,0.909208990836696,0.265625
0.001,0.9,30,128,0.950819672131147,0.911979297700176,0.21875
0.003,0.5,10,16,0.950819672131147,0.897482628096585,0.25
0.003,0.5,10,32,0.950819672131147,0.885109648017389,0.25
0.003,0.5,10,64,0.950819672131147,0.902594079761351,0.265625
0.003,0.5,10,128,0.950819672131147,0.892211387822897,0.25
0.003,0.5,20,16,0.950819672131147,0.907237171065046,0.265625
0.003,0.5,20,32,0.950819672131147,0.900844352777892,0.265625
0.003,0.5,20,64,0.950819672131147,0.895006521541945,0.28125
0.003,0.5,20,128,0.950819672131147,0.916950687851975,0.25
0.003,0.5,30,16,0.950819672131147,0.883678676638785,0.28125
0.003,0.5,30,32,0.950819672131147,0.929619285538629,0.21875
0.003,0.5,30,64,0.950819672131147,0.902372700469541,0.234375
0.003,0.5,30,128,0.950819672131147,0.781660427832599,0.28125
0.003,0.6,10,16,0.950819672131147,0.865213121705466,0.3125
0.003,0.6,10,32,0.950819672131147,0.887883751483412,0.28125
0.003,0.6,10,64,0.950819672131147,0.896093387504267,0.265625
0.003,0.6,10,128,0.950819672131147,0.875896824631931,0.25
0.003,0.6,20,16,0.950819672131147,0.889533127391152,0.3125
0.003,0.6,20,32,0.950819672131147,0.849572109383928,0.296875
0.003,0.6,20,64,0.950819672131147,0.912166566125743,0.234375
0.003,0.6,20,128,0.950819672131147,0.933766598761594,0.234375
0.003,0.6,30,16,0.950819672131147,0.871869540373251,0.328125
0.003,0.6,30,32,0.950819672131147,0.903350148375808,0.265625
0.003,0.6,30,64,0.950819672131147,0.892959676319378,0.28125
0.003,0.6,30,128,0.950819672131147,0.910720433314274,0.265625
0.003,0.7,10,16,0.950819672131147,0.89487274963951,0.25
0.003,0.7,10,32,0.950819672131147,0.896897454497304,0.21875
0.003,0.7,10,64,0.950819672131147,0.891166968997185,0.28125
0.003,0.7,10,128,0.950819672131147,0.914478308908213,0.234375
0.003,0.7,20,16,0.950819672131147,0.911477640350444,0.234375
0.003,0.7,20,32,0.950819672131147,0.86561012742516,0.265625
0.003,0.7,20,64,0.950819672131147,0.930662942588374,0.21875
0.003,0.7,20,128,0.950819672131147,0.904191718406844,0.25
0.003,0.7,30,16,0.950819672131147,0.913022610300685,0.28125
0.003,0.7,30,32,0.950819672131147,0.893097514732639,0.265625
0.003,0.7,30,64,0.950819672131147,0.896272187426593,0.3125
0.003,0.7,30,128,0.950819672131147,0.911694549664174,0.265625
0.003,0.9,10,16,0.950819672131147,0.913949857621821,0.390625
0.003,0.9,10,32,0.950819672131147,0.920869237023874,0.28125
0.003,0.9,10,64,0.950819672131147,0.907399331436112,0.265625
0.003,0.9,10,128,0.950819672131147,0.881580456686055,0.21875
0.003,0.9,20,16,0.950819672131147,0.895763503765578,0.203125
0.003,0.9,20,32,0.950819672131147,0.886132119650585,0.265625
0.003,0.9,20,64,0.950819672131147,0.85741045165033,0.203125
0.003,0.9,20,128,0.950819672131147,0.866609998887711,0.28125
0.003,0.9,30,16,0.950819672131147,0.887180188440227,0.25
0.003,0.9,30,32,0.950819672131147,0.906689435433612,0.28125
0.003,0.9,30,64,0.950819672131147,0.816838238442868,0.21875
0.003,0.9,30,128,0.950819672131147,0.931062704687215,0.28125
0.01,0.5,10,16,0.950819672131147,0.911655328655884,0.234375
0.01,0.5,10,32,0.950819672131147,0.902334543184613,0.296875
0.01,0.5,10,64,0.950819672131147,0.901690600828587,0.265625
0.01,0.5,10,128,0.950819672131147,0.896191236263063,0.25
0.01,0.5,20,16,0.950819672131147,0.89723984510323,0.25
0.01,0.5,20,32,0.950819672131147,0.876987325270259,0.25
0.01,0.5,20,64,0.950819672131147,0.891315562923743,0.28125
0.01,0.5,20,128,0.950819672131147,0.908467019584226,0.328125
0.01,0.5,30,16,0.950819672131147,0.931040634523993,0.234375
0.01,0.5,30,32,0.950819672131147,0.924436774322477,0.265625
0.01,0.5,30,64,0.950819672131147,0.890739720976041,0.25
0.01,0.5,30,128,0.950819672131147,0.778471057216665,0.265625
0.01,0.6,10,16,0.950819672131147,0.88302615926051,0.25
0.01,0.6,10,32,0.950819672131147,0.934357156295613,0.21875
0.01,0.6,10,64,0.950819672131147,0.893604340340097,0.25
0.01,0.6,10,128,0.950819672131147,0.900481410405334,0.234375
0.01,0.6,20,16,0.950819672131147,0.901150804805849,0.21875
0.01,0.6,20,32,0.950819672131147,0.846267977197701,0.25
0.01,0.6,20,64,0.950819672131147,0.871202274383507,0.28125
0.01,0.6,20,128,0.950819672131147,0.890185895535597,0.296875
0.01,0.6,30,16,0.950819672131147,0.908148361876747,0.234375
0.01,0.6,30,32,0.950819672131147,0.851188541105599,0.28125
0.01,0.6,30,64,0.950819672131147,0.898251898988967,0.28125
0.01,0.6,30,128,0.950819672131147,0.89437314180663,0.25
0.01,0.7,10,16,0.950819672131147,0.885048899725985,0.296875
0.01,0.7,10,32,0.950819672131147,0.901447780482515,0.28125
0.01,0.7,10,64,0.950819672131147,0.898436479635456,0.25
0.01,0.7,10,128,0.950819672131147,0.923520705239908,0.3125
0.01,0.7,20,16,0.950819672131147,0.891978123156449,0.265625
0.01,0.7,20,32,0.950819672131147,0.85486070042331,0.234375
0.01,0.7,20,64,0.950819672131147,0.887075864605434,0.203125
0.01,0.7,20,128,0.950819672131147,0.905397116847195,0.234375
0.01,0.7,30,16,0.950819672131147,0.905663604296404,0.265625
0.01,0.7,30,32,0.950819672131147,0.902772209225901,0.21875
0.01,0.7,30,64,0.950819672131147,0.911341519359894,0.1875
0.01,0.7,30,128,0.950819672131147,0.865956214637639,0.28125
0.01,0.9,10,16,0.950819672131147,0.907339711451218,0.234375
0.01,0.9,10,32,0.950819672131147,0.912162702792524,0.265625
0.01,0.9,10,64,0.950819672131147,0.897752682933285,0.3125
0.01,0.9,10,128,0.950819672131147,0.87374859999483,0.265625
0.01,0.9,20,16,0.950819672131147,0.90396724902936,0.265625
0.01,0.9,20,32,0.950819672131147,0.915381224981652,0.28125
0.01,0.9,20,64,0.950819672131147,0.887388580937808,0.28125
0.01,0.9,20,128,0.950819672131147,0.914971182076713,0.296875
0.01,0.9,30,16,0.950819672131147,0.940426763597611,0.265625
0.01,0.9,30,32,0.950819672131147,0.922663420697363,0.21875
0.01,0.9,30,64,0.950819672131147,0.678114062599427,0.234375
0.01,0.9,30,128,0.950819672131147,0.93531814412232,0.234375
0.03,0.5,10,16,0.950819672131147,0.888854085401037,0.265625
0.03,0.5,10,32,0.950819672131147,0.900789110957574,0.296875
0.03,0.5,10,64,0.950819672131147,0.88972575293885,0.28125
0.03,0.5,10,128,0.950819672131147,0.923281818269197,0.234375
0.03,0.5,20,16,0.950819672131147,0.891764039993161,0.3125
0.03,0.5,20,32,0.950819672131147,0.900917283765579,0.25
0.03,0.5,20,64,0.950819672131147,0.885495350910546,0.296875
0.03,0.5,20,128,0.950819672131147,0.903421041473519,0.234375
0.03,0.5,30,16,0.950819672131147,0.899392907096635,0.28125
0.03,0.5,30,32,0.950819672131147,0.861117983215693,0.25
0.03,0.5,30,64,0.950819672131147,0.782968271722519,0.28125
0.03,0.5,30,128,0.950819672131147,0.896066073248848,0.21875
0.03,0.6,10,16,0.950819672131147,0.919966029262215,0.203125
0.03,0.6,10,32,0.950819672131147,0.936504962958539,0.28125
0.03,0.6,10,64,0.950819672131147,0.886222831102775,0.25
0.03,0.6,10,128,0.950819672131147,0.883077022336153,0.28125
0.03,0.6,20,16,0.950819672131147,0.899538429482519,0.265625
0.03,0.6,20,32,0.950819672131147,0.825266800396366,0.3125
0.03,0.6,20,64,0.950819672131147,0.906124737349762,0.328125
0.03,0.6,20,128,0.950819672131147,0.870624969484886,0.265625
0.03,0.6,30,16,0.950819672131147,0.828228362249186,0.296875
0.03,0.6,30,32,0.950819672131147,0.879460654917665,0.296875
0.03,0.6,30,64,0.950819672131147,0.908306589441125,0.21875
0.03,0.6,30,128,0.950819672131147,0.840927754343876,0.265625
0.03,0.7,10,16,0.950819672131147,0.910222087634857,0.296875
0.03,0.7,10,32,0.950819672131147,0.887289717917318,0.203125
0.03,0.7,10,64,0.950819672131147,0.921721203775076,0.21875
0.03,0.7,10,128,0.950819672131147,0.898963710023247,0.265625
0.03,0.7,20,16,0.950819672131147,0.898491180852779,0.203125
0.03,0.7,20,32,0.950819672131147,0.908713131246021,0.25
0.03,0.7,20,64,0.950819672131147,0.900469167811981,0.21875
0.03,0.7,20,128,0.950819672131147,0.855181538401402,0.25
0.03,0.7,30,16,0.950819672131147,0.906424458883129,0.28125
0.03,0.7,30,32,0.950819672131147,0.903249775961863,0.296875
0.03,0.7,30,64,0.950819672131147,0.84355682963457,0.359375
0.03,0.7,30,128,0.950819672131147,0.879536981821803,0.234375
0.03,0.9,10,16,0.950819672131147,0.91767465646502,0.234375
0.03,0.9,10,32,0.950819672131147,0.90479926978361,0.25
0.03,0.9,10,64,0.950819672131147,0.888857921320891,0.25
0.03,0.9,10,128,0.950819672131147,0.916291780681563,0.234375
0.03,0.9,20,16,0.950819672131147,0.900385995262015,0.203125
0.03,0.9,20,32,0.950819672131147,0.899356755503604,0.265625
0.03,0.9,20,64,0.950819672131147,0.903304290492116,0.28125
0.03,0.9,20,128,0.950819672131147,0.923810202308408,0.265625
0.03,0.9,30,16,0.950819672131147,0.922849603914958,0.21875
0.03,0.9,30,32,0.950819672131147,0.931129958475567,0.25
0.03,0.9,30,64,0.950819672131147,0.875347584929772,0.234375
0.03,0.9,30,128,0.950819672131147,0.907716603222311,0.21875
0.1,0.5,10,16,0.950819672131147,0.87853729036671,0.25
0.1,0.5,10,32,0.950819672131147,0.874150621769621,0.203125
0.1,0.5,10,64,0.950819672131147,0.903044016237735,0.265625
0.1,0.5,10,128,0.950819672131147,0.903231856051581,0.21875
0.1,0.5,20,16,0.950819672131147,0.896553526469657,0.28125
0.1,0.5,20,32,0.950819672131147,0.827606032554546,0.234375
0.1,0.5,20,64,0.950819672131147,0.858493520010294,0.265625
0.1,0.5,20,128,0.950819672131147,0.92353427110107,0.28125
0.1,0.5,30,16,0.950819672131147,0.888930498342952,0.34375
0.1,0.5,30,32,0.950819672131147,0.9048696863166,0.25
0.1,0.5,30,64,0.950819672131147,0.868976301346742,0.25
0.1,0.5,30,128,0.950819672131147,0.907389624740626,0.296875
0.1,0.6,10,16,0.950819672131147,0.876774458531849,0.25
0.1,0.6,10,32,0.950819672131147,0.90117161956825,0.265625
0.1,0.6,10,64,0.950819672131147,0.894720113451037,0.265625
0.1,0.6,10,128,0.950819672131147,0.89322367570119,0.28125
0.1,0.6,20,16,0.950819672131147,0.923758727834419,0.203125
0.1,0.6,20,32,0.950819672131147,0.921082954844268,0.28125
0.1,0.6,20,64,0.950819672131147,0.808242840373835,0.234375
0.1,0.6,20,128,0.950819672131147,0.911704262472343,0.28125
0.1,0.6,30,16,0.950819672131147,0.899628094042327,0.234375
0.1,0.6,30,32,0.950819672131147,0.894451988711891,0.265625
0.1,0.6,30,64,0.950819672131147,0.861995622239798,0.28125
0.1,0.6,30,128,0.950819672131147,0.782169934968504,0.265625
0.1,0.7,10,16,0.950819672131147,0.890605395283394,0.25
0.1,0.7,10,32,0.950819672131147,0.958293252353103,0.234375
0.1,0.7,10,64,0.950819672131147,0.906668918069667,0.203125
0.1,0.7,10,128,0.950819672131147,0.918665442744002,0.28125
0.1,0.7,20,16,0.950819672131147,0.937551882194355,0.296875
0.1,0.7,20,32,0.950819672131147,0.916990857413484,0.296875
0.1,0.7,20,64,0.950819672131147,0.894180262058294,0.265625
0.1,0.7,20,128,0.950819672131147,0.884531266724917,0.265625
0.1,0.7,30,16,0.950819672131147,0.941490407172984,0.25
0.1,0.7,30,32,0.950819672131147,0.91098484666621,0.296875
0.1,0.7,30,64,0.950819672131147,0.910260317924244,0.25
0.1,0.7,30,128,0.950819672131147,0.93438794428982,0.34375
0.1,0.9,10,16,0.950819672131147,0.89513324831648,0.234375
0.1,0.9,10,32,0.950819672131147,0.912887928187289,0.25
0.1,0.9,10,64,0.950819672131147,0.893458474682071,0.28125
0.1,0.9,10,128,0.950819672131147,0.904816165172404,0.234375
0.1,0.9,20,16,0.950819672131147,0.92827486255285,0.28125
0.1,0.9,20,32,0.950819672131147,0.910067530678358,0.234375
0.1,0.9,20,64,0.950819672131147,0.90110053119818,0.25
0.1,0.9,20,128,0.950819672131147,0.912749869616377,0.25
0.1,0.9,30,16,0.950819672131147,0.875533365976478,0.3125
0.1,0.9,30,32,0.950819672131147,0.912877544798051,0.28125
0.1,0.9,30,64,0.950819672131147,0.920027558633107,0.265625
0.1,0.9,30,128,0.950819672131147,0.883110587885842,0.28125
0.3,0.5,10,16,0.950819672131147,0.905147303896686,0.296875
0.3,0.5,10,32,0.950819672131147,0.886936540841918,0.3125
0.3,0.5,10,64,0.950819672131147,0.911273256006452,0.3125
0.3,0.5,10,128,0.950819672131147,0.915927809695323,0.25
0.3,0.5,20,16,0.950819672131147,0.869254825410234,0.265625
0.3,0.5,20,32,0.950819672131147,0.893436964229947,0.296875
0.3,0.5,20,64,0.950819672131147,0.930848011984082,0.265625
0.3,0.5,20,128,0.950819672131147,0.848609763450849,0.28125
0.3,0.5,30,16,0.950819672131147,0.92468678911022,0.25
0.3,0.5,30,32,0.950819672131147,0.903814321791826,0.28125
0.3,0.5,30,64,0.950819672131147,0.927681952757726,0.234375
0.3,0.5,30,128,0.950819672131147,0.886038794249649,0.25
0.3,0.6,10,16,0.950819672131147,0.887120455690936,0.28125
0.3,0.6,10,32,0.950819672131147,0.911906334866678,0.234375
0.3,0.6,10,64,0.950819672131147,0.895223869012397,0.3125
0.3,0.6,10,128,0.950819672131147,0.870599645268498,0.25
0.3,0.6,20,16,0.950819672131147,0.925767312757594,0.25
0.3,0.6,20,32,0.950819672131147,0.896166421417857,0.25
0.3,0.6,20,64,0.950819672131147,0.896401614069965,0.296875
0.3,0.6,20,128,0.950819672131147,0.9157171724798,0.234375
0.3,0.6,30,16,0.950819672131147,0.893772974901011,0.296875
0.3,0.6,30,32,0.950819672131147,0.90142263096144,0.296875
0.3,0.6,30,64,0.950819672131147,0.899431643265949,0.328125
0.3,0.6,30,128,0.950819672131147,0.883457147922316,0.234375
0.3,0.7,10,16,0.950819672131147,0.91007754713456,0.265625
0.3,0.7,10,32,0.950819672131147,0.912371818863271,0.234375
0.3,0.7,10,64,0.950819672131147,0.880594133081273,0.265625
0.3,0.7,10,128,0.950819672131147,0.91229832577575,0.265625
0.3,0.7,20,16,0.950819672131147,0.90953205281964,0.234375
0.3,0.7,20,32,0.950819672131147,0.944654235396065,0.265625
0.3,0.7,20,64,0.950819672131147,0.858676150468681,0.234375
0.3,0.7,20,128,0.950819672131147,0.877641924977754,0.265625
0.3,0.7,30,16,0.950819672131147,0.897759306447756,0.265625
0.3,0.7,30,32,0.950819672131147,0.823263875331124,0.25
0.3,0.7,30,64,0.950819672131147,0.771318774090691,0.234375
0.3,0.7,30,128,0.950819672131147,0.893906063953666,0.234375
0.3,0.9,10,16,0.950819672131147,0.916745532222248,0.234375
0.3,0.9,10,32,0.950819672131147,0.903319872945402,0.234375
0.3,0.9,10,64,0.950819672131147,0.87933508294188,0.25
0.3,0.9,10,128,0.950819672131147,0.904457893202722,0.3125
0.3,0.9,20,16,0.950819672131147,0.899123288686452,0.296875
0.3,0.9,20,32,0.950819672131147,0.885673466751134,0.3125
0.3,0.9,20,64,0.950819672131147,0.921467340594805,0.25
0.3,0.9,20,128,0.950819672131147,0.923215005887383,0.296875
0.3,0.9,30,16,0.950819672131147,0.888663105229252,0.234375
0.3,0.9,30,32,0.950819672131147,0.848090139516983,0.28125
0.3,0.9,30,64,0.950819672131147,0.862253052188915,0.28125
0.3,0.9,30,128,0.950819672131147,0.834121164622365,0.28125
1,0.5,10,16,0.950819672131147,0.937434226220035,0.28125
1,0.5,10,32,0.950819672131147,0.924132304696465,0.28125
1,0.5,10,64,0.950819672131147,0.894284450633048,0.25
1,0.5,10,128,0.950819672131147,0.887740390362324,0.296875
1,0.5,20,16,0.950819672131147,0.868978044047227,0.25
1,0.5,20,32,0.950819672131147,0.903400660779866,0.25
1,0.5,20,64,0.950819672131147,0.889600512056484,0.28125
1,0.5,20,128,0.950819672131147,0.876206819565752,0.21875
1,0.5,30,16,0.950819672131147,0.783105528064219,0.25
1,0.5,30,32,0.950819672131147,0.869650763693713,0.25
1,0.5,30,64,0.950819672131147,0.924249444784766,0.265625
1,0.5,30,128,0.950819672131147,0.91342526633784,0.25
1,0.6,10,16,0.950819672131147,0.925533542838144,0.25
1,0.6,10,32,0.950819672131147,0.89609215172154,0.25
1,0.6,10,64,0.950819672131147,0.908349934678853,0.28125
1,0.6,10,128,0.950819672131147,0.894109977159444,0.296875
1,0.6,20,16,0.950819672131147,0.873501753406134,0.28125
1,0.6,20,32,0.950819672131147,0.926020606830221,0.28125
1,0.6,20,64,0.950819672131147,0.905121330788587,0.25
1,0.6,20,128,0.950819672131147,0.906595563175271,0.265625
1,0.6,30,16,0.950819672131147,0.871109478918365,0.265625
1,0.6,30,32,0.950819672131147,0.883249756954726,0.265625
1,0.6,30,64,0.950819672131147,0.928230844352579,0.21875
1,0.6,30,128,0.950819672131147,0.921108926397403,0.25
1,0.7,10,16,0.950819672131147,0.910139796616483,0.265625
1,0.7,10,32,0.950819672131147,0.906500028277914,0.25
1,0.7,10,64,0.950819672131147,0.900845163302192,0.1875
1,0.7,10,128,0.950819672131147,0.919640088640188,0.265625
1,0.7,20,16,0.950819672131147,0.875376557691453,0.25
1,0.7,20,32,0.950819672131147,0.961800836206701,0.265625
1,0.7,20,64,0.950819672131147,0.952365364780527,0.25
1,0.7,20,128,0.950819672131147,0.891823657124407,0.25
1,0.7,30,16,0.950819672131147,0.906315053507679,0.28125
1,0.7,30,32,0.950819672131147,0.83769814476212,0.25
1,0.7,30,64,0.950819672131147,0.938079358763103,0.296875
1,0.7,30,128,0.950819672131147,0.885868437458936,0.25
1,0.9,10,16,0.950819672131147,0.902471134290733,0.265625
1,0.9,10,32,0.950819672131147,0.903069804333912,0.28125
1,0.9,10,64,0.950819672131147,0.911337632460077,0.265625
1,0.9,10,128,0.950819672131147,0.897929249797008,0.265625
1,0.9,20,16,0.950819672131147,0.904899970651567,0.234375
1,0.9,20,32,0.950819672131147,0.839893703840256,0.234375
1,0.9,20,64,0.950819672131147,0.911131647465173,0.234375
1,0.9,20,128,0.950819672131147,0.925556669239862,0.390625
1,0.9,30,16,0.950819672131147,0.897161365904366,0.296875
1,0.9,30,32,0.950819672131147,0.877435034922912,0.25
1,0.9,30,64,0.950819672131147,0.87522891887428,0.28125
1,0.9,30,128,0.950819672131147,0.896430944472875,0.28125
0.001,0.5,10,16,0.926229508196721,0.89817782396618,0.328125
0.001,0.5,10,32,0.926229508196721,0.869827314852031,0.25
0.001,0.5,10,64,0.926229508196721,0.907504040134406,0.296875
0.001,0.5,10,128,0.926229508196721,0.866924690801777,0.296875
0.001,0.5,20,16,0.926229508196721,0.91225257577615,0.28125
0.001,0.5,20,32,0.926229508196721,0.911826739594375,0.265625
0.001,0.5,20,64,0.926229508196721,0.871204423469833,0.265625
0.001,0.5,20,128,0.926229508196721,0.870957152227813,0.34375
0.001,0.5,30,16,0.926229508196721,0.892973442408887,0.28125
0.001,0.5,30,32,0.926229508196721,0.888224899055325,0.328125
0.001,0.5,30,64,0.926229508196721,0.899223477478315,0.234375
0.001,0.5,30,128,0.926229508196721,0.905989872091837,0.21875
0.001,0.6,10,16,0.926229508196721,0.952061927581162,0.296875
0.001,0.6,10,32,0.926229508196721,0.934597544367561,0.28125
0.001,0.6,10,64,0.926229508196721,0.880309430111973,0.234375
0.001,0.6,10,128,0.926229508196721,0.8452748707837,0.25
0.001,0.6,20,16,0.926229508196721,0.899007376259989,0.25
0.001,0.6,20,32,0.926229508196721,0.932336898129216,0.234375
0.001,0.6,20,64,0.926229508196721,0.847047850617305,0.28125
0.001,0.6,20,128,0.926229508196721,0.956133389433056,0.21875
0.001,0.6,30,16,0.926229508196721,0.814944748964781,0.25
0.001,0.6,30,32,0.926229508196721,0.948903778638474,0.25
0.001,0.6,30,64,0.926229508196721,0.853803180454231,0.25
0.001,0.6,30,128,0.926229508196721,0.817790672711129,0.25
0.001,0.7,10,16,0.926229508196721,0.916522383417337,0.265625
0.001,0.7,10,32,0.926229508196721,0.844598145827726,0.296875
0.001,0.7,10,64,0.926229508196721,0.922349414490184,0.25
0.001,0.7,10,128,0.926229508196721,0.870133209352311,0.25
0.001,0.7,20,16,0.926229508196721,0.940543526281875,0.3125
0.001,0.7,20,32,0.926229508196721,0.909763204284518,0.3125
0.001,0.7,20,64,0.926229508196721,0.916331488785721,0.25
0.001,0.7,20,128,0.926229508196721,0.883515703740374,0.234375
0.001,0.7,30,16,0.926229508196721,0.833241696586764,0.296875
0.001,0.7,30,32,0.926229508196721,0.862928369340063,0.265625
0.001,0.7,30,64,0.926229508196721,0.889430072107328,0.265625
0.001,0.7,30,128,0.926229508196721,0.823358673871871,0.25
0.001,0.9,10,16,0.926229508196721,0.914433379931433,0.21875
0.001,0.9,10,32,0.926229508196721,0.879384173881951,0.265625
0.001,0.9,10,64,0.926229508196721,0.919922000632965,0.234375
0.001,0.9,10,128,0.926229508196721,0.94476459349766,0.234375
0.001,0.9,20,16,0.926229508196721,0.943924495701973,0.296875
0.001,0.9,20,32,0.926229508196721,0.886853794844568,0.28125
0.001,0.9,20,64,0.926229508196721,0.794595481656879,0.265625
0.001,0.9,20,128,0.926229508196721,0.905463726276295,0.359375
0.001,0.9,30,16,0.926229508196721,0.831685014672922,0.359375
0.001,0.9,30,32,0.926229508196721,0.934179529002583,0.28125
0.001,0.9,30,64,0.926229508196721,0.721853374623176,0.34375
0.001,0.9,30,128,0.926229508196721,0.934288363462041,0.296875
0.003,0.5,10,16,0.926229508196721,0.87041774892339,0.28125
0.003,0.5,10,32,0.926229508196721,0.933411460277762,0.3125
0.003,0.5,10,64,0.926229508196721,0.891306388750785,0.328125
0.003,0.5,10,128,0.926229508196721,0.94035738403618,0.3125
0.003,0.5,20,16,0.926229508196721,0.868299021717747,0.328125
0.003,0.5,20,32,0.926229508196721,0.862846247655387,0.3125
0.003,0.5,20,64,0.926229508196721,0.868246411061446,0.328125
0.003,0.5,20,128,0.926229508196721,0.929365470594455,0.3125
0.003,0.5,30,16,0.926229508196721,0.878794376948131,0.3125
0.003,0.5,30,32,0.926229508196721,0.798467943997836,0.265625
0.003,0.5,30,64,0.926229508196721,0.929580636954626,0.21875
0.003,0.5,30,128,0.926229508196721,0.932900021128901,0.25
0.003,0.6,10,16,0.926229508196721,0.928416538394199,0.21875
0.003,0.6,10,32,0.926229508196721,0.905417101161267,0.3125
0.003,0.6,10,64,0.926229508196721,0.947039046501972,0.234375
0.003,0.6,10,128,0.926229508196721,0.90017519170449,0.25
0.003,0.6,20,16,0.926229508196721,0.877111959292516,0.25
0.003,0.6,20,32,0.926229508196721,0.928518882507891,0.25
0.003,0.6,20,64,0.926229508196721,0.91653136613408,0.265625
0.003,0.6,20,128,0.926229508196721,0.941231278777523,0.28125
0.003,0.6,30,16,0.926229508196721,0.925143105727111,0.234375
0.003,0.6,30,32,0.926229508196721,0.839908308518656,0.28125
0.003,0.6,30,64,0.926229508196721,0.860485122687016,0.265625
0.003,0.6,30,128,0.926229508196721,0.878145245814528,0.265625
0.003,0.7,10,16,0.926229508196721,0.937897863553352,0.265625
0.003,0.7,10,32,0.926229508196721,0.902664039306966,0.25
0.003,0.7,10,64,0.926229508196721,0.896670068286642,0.265625
0.003,0.7,10,128,0.926229508196721,0.886033841987701,0.25
0.003,0.7,20,16,0.926229508196721,0.861867208110004,0.234375
0.003,0.7,20,32,0.926229508196721,0.87748463687303,0.265625
0.003,0.7,20,64,0.926229508196721,0.89707550292134,0.265625
0.003,0.7,20,128,0.926229508196721,0.875001100376259,0.25
0.003,0.7,30,16,0.926229508196721,0.851441980322089,0.25
0.003,0.7,30,32,0.926229508196721,0.793744218646451,0.328125
0.003,0.7,30,64,0.926229508196721,0.89555512968662,0.28125
0.003,0.7,30,128,0.926229508196721,0.935147669238263,0.25
0.003,0.9,10,16,0.926229508196721,0.895321178853349,0.234375
0.003,0.9,10,32,0.926229508196721,0.928852695047667,0.28125
0.003,0.9,10,64,0.926229508196721,0.925718349146579,0.21875
0.003,0.9,10,128,0.926229508196721,0.977961000325427,0.265625
0.003,0.9,20,16,0.926229508196721,0.912437062445579,0.28125
0.003,0.9,20,32,0.926229508196721,0.933045198453287,0.203125
0.003,0.9,20,64,0.926229508196721,0.949949423548497,0.265625
0.003,0.9,20,128,0.926229508196721,0.900457756896831,0.265625
0.003,0.9,30,16,0.926229508196721,0.927653018251163,0.3125
0.003,0.9,30,32,0.926229508196721,0.856439876678661,0.28125
0.003,0.9,30,64,0.926229508196721,0.897513562683446,0.265625
0.003,0.9,30,128,0.926229508196721,0.90009485164898,0.234375
0.01,0.5,10,16,0.926229508196721,0.91773485493609,0.21875
0.01,0.5,10,32,0.926229508196721,0.916148640176444,0.1875
0.01,0.5,10,64,0.926229508196721,0.813111968882678,0.25
0.01,0.5,10,128,0.926229508196721,0.912685728133643,0.265625
0.01,0.5,20,16,0.926229508196721,0.848681213960903,0.265625
0.01,0.5,20,32,0.926229508196721,0.940616274053133,0.34375
0.01,0.5,20,64,0.926229508196721,0.873726894300469,0.3125
0.01,0.5,20,128,0.926229508196721,0.934550937828715,0.34375
0.01,0.5,30,16,0.926229508196721,0.858843497221118,0.296875
0.01,0.5,30,32,0.926229508196721,0.938246870366744,0.296875
0.01,0.5,30,64,0.926229508196721,0.887232334795358,0.234375
0.01,0.5,30,128,0.926229508196721,0.927983151492897,0.25
0.01,0.6,10,16,0.926229508196721,0.912181179199608,0.25
0.01,0.6,10,32,0.926229508196721,0.871012347851711,0.25
0.01,0.6,10,64,0.926229508196721,0.880485905922505,0.25
0.01,0.6,10,128,0.926229508196721,0.919271513728388,0.234375
0.01,0.6,20,16,0.926229508196721,0.913769051180994,0.265625
0.01,0.6,20,32,0.926229508196721,0.816045474677821,0.3125
0.01,0.6,20,64,0.926229508196721,0.867345139334098,0.265625
0.01,0.6,20,128,0.926229508196721,0.81211555641917,0.265625
0.01,0.6,30,16,0.926229508196721,0.880439893056972,0.28125
0.01,0.6,30,32,0.926229508196721,0.86422195725244,0.3125
0.01,0.6,30,64,0.926229508196721,0.849108158682162,0.265625
0.01,0.6,30,128,0.926229508196721,0.888733904983964,0.296875
0.01,0.7,10,16,0.926229508196721,0.940385357522687,0.265625
0.01,0.7,10,32,0.926229508196721,0.948428137015118,0.21875
0.01,0.7,10,64,0.926229508196721,0.912789547916885,0.265625
0.01,0.7,10,128,0.926229508196721,0.916577393323352,0.3125
0.01,0.7,20,16,0.926229508196721,0.85154261806337,0.25
0.01,0.7,20,32,0.926229508196721,0.959787467835744,0.25
0.01,0.7,20,64,0.926229508196721,0.901245733170123,0.234375
0.01,0.7,20,128,0.926229508196721,0.90400135136075,0.296875
0.01,0.7,30,16,0.926229508196721,0.946337385391975,0.265625
0.01,0.7,30,32,0.926229508196721,0.91167289822196,0.234375
0.01,0.7,30,64,0.926229508196721,0.882419592590848,0.203125
0.01,0.7,30,128,0.926229508196721,0.952904596129503,0.28125
0.01,0.9,10,16,0.926229508196721,0.881221175447913,0.21875
0.01,0.9,10,32,0.926229508196721,0.867479409037788,0.21875
0.01,0.9,10,64,0.926229508196721,0.919968265510101,0.234375
0.01,0.9,10,128,0.926229508196721,0.911332489039725,0.265625
0.01,0.9,20,16,0.926229508196721,0.936031649486661,0.28125
0.01,0.9,20,32,0.926229508196721,0.939654187351897,0.265625
0.01,0.9,20,64,0.926229508196721,0.930908620317336,0.328125
0.01,0.9,20,128,0.926229508196721,0.947410419213891,0.28125
0.01,0.9,30,16,0.926229508196721,0.888149905377537,0.3125
0.01,0.9,30,32,0.926229508196721,0.818842099615048,0.265625
0.01,0.9,30,64,0.926229508196721,0.932409406269502,0.296875
0.01,0.9,30,128,0.926229508196721,0.768318629757789,0.3125
0.03,0.5,10,16,0.926229508196721,0.923107113978004,0.25
0.03,0.5,10,32,0.926229508196721,0.943881273240668,0.265625
0.03,0.5,10,64,0.926229508196721,0.909999198204756,0.265625
0.03,0.5,10,128,0.926229508196721,0.777082802823409,0.265625
0.03,0.5,20,16,0.926229508196721,0.896114888089182,0.25
0.03,0.5,20,32,0.926229508196721,0.905554102278452,0.25
0.03,0.5,20,64,0.926229508196721,0.88688044209491,0.25
0.03,0.5,20,128,0.926229508196721,0.917925405966417,0.296875
0.03,0.5,30,16,0.926229508196721,0.686531461974421,0.265625
0.03,0.5,30,32,0.926229508196721,0.843423401248863,0.265625
0.03,0.5,30,64,0.926229508196721,0.911686621793443,0.234375
0.03,0.5,30,128,0.926229508196721,0.936740298148464,0.265625
0.03,0.6,10,16,0.926229508196721,0.885326446794449,0.25
0.03,0.6,10,32,0.926229508196721,0.946828503460465,0.28125
0.03,0.6,10,64,0.926229508196721,0.956431447787879,0.28125
0.03,0.6,10,128,0.926229508196721,0.935373050820253,0.28125
0.03,0.6,20,16,0.926229508196721,0.825798452844264,0.25
0.03,0.6,20,32,0.926229508196721,0.917143415708202,0.21875
0.03,0.6,20,64,0.926229508196721,0.473372651914283,0.25
0.03,0.6,20,128,0.926229508196721,0.894256028821949,0.328125
0.03,0.6,30,16,0.926229508196721,0.821212868586279,0.265625
0.03,0.6,30,32,0.926229508196721,0.877420473779507,0.25
0.03,0.6,30,64,0.926229508196721,0.894622901920786,0.25
0.03,0.6,30,128,0.926229508196721,0.873559167983075,0.25
0.03,0.7,10,16,0.926229508196721,0.916163445166292,0.203125
0.03,0.7,10,32,0.926229508196721,0.928760411241642,0.265625
0.03,0.7,10,64,0.926229508196721,0.924758112448758,0.21875
0.03,0.7,10,128,0.926229508196721,0.913542538380959,0.265625
0.03,0.7,20,16,0.926229508196721,0.915457184828934,0.25
0.03,0.7,20,32,0.926229508196721,0.8895361649623,0.265625
0.03,0.7,20,64,0.926229508196721,0.919765180130087,0.21875
0.03,0.7,20,128,0.926229508196721,0.832874065269273,0.25
0.03,0.7,30,16,0.926229508196721,0.839417114852685,0.234375
0.03,0.7,30,32,0.926229508196721,0.913022629437751,0.21875
0.03,0.7,30,64,0.926229508196721,0.911923607562919,0.21875
0.03,0.7,30,128,0.926229508196721,0.865515221619526,0.296875
0.03,0.9,10,16,0.926229508196721,0.890004791458899,0.21875
0.03,0.9,10,32,0.926229508196721,0.941523819558735,0.25
0.03,0.9,10,64,0.926229508196721,0.890640433857516,0.203125
0.03,0.9,10,128,0.926229508196721,0.963460742280983,0.25
0.03,0.9,20,16,0.926229508196721,0.914940069620139,0.296875
0.03,0.9,20,32,0.926229508196721,0.933827356548967,0.28125
0.03,0.9,20,64,0.926229508196721,0.929901374746129,0.234375
0.03,0.9,20,128,0.926229508196721,0.893553925327379,0.3125
0.03,0.9,30,16,0.926229508196721,0.889834119262594,0.21875
0.03,0.9,30,32,0.926229508196721,0.747541593543657,0.296875
0.03,0.9,30,64,0.926229508196721,0.943937887199502,0.265625
0.03,0.9,30,128,0.926229508196721,0.87933296213601,0.25
0.1,0.5,10,16,0.926229508196721,0.9200373651553,0.28125
0.1,0.5,10,32,0.926229508196721,0.913453279299978,0.21875
0.1,0.5,10,64,0.926229508196721,0.907681198915818,0.296875
0.1,0.5,10,128,0.926229508196721,0.865503439278138,0.25
0.1,0.5,20,16,0.926229508196721,0.940476600051516,0.234375
0.1,0.5,20,32,0.926229508196721,0.926257008919528,0.28125
0.1,0.5,20,64,0.926229508196721,0.894051567925588,0.265625
0.1,0.5,20,128,0.926229508196721,0.933043393662286,0.234375
0.1,0.5,30,16,0.926229508196721,0.812085950135648,0.265625
0.1,0.5,30,32,0.926229508196721,0.902002729113586,0.21875
0.1,0.5,30,64,0.926229508196721,0.899926547149287,0.265625
0.1,0.5,30,128,0.926229508196721,0.907681485855197,0.21875
0.1,0.6,10,16,0.926229508196721,0.89158926577493,0.21875
0.1,0.6,10,32,0.926229508196721,0.844305322144699,0.28125
0.1,0.6,10,64,0.926229508196721,0.959939653222362,0.296875
0.1,0.6,10,128,0.926229508196721,0.927790154770212,0.25
0.1,0.6,20,16,0.926229508196721,0.882594694138974,0.265625
0.1,0.6,20,32,0.926229508196721,0.894210005695085,0.234375
0.1,0.6,20,64,0.926229508196721,0.905320682530688,0.265625
0.1,0.6,20,128,0.926229508196721,0.833998997254053,0.234375
0.1,0.6,30,16,0.926229508196721,0.915605539020024,0.296875
0.1,0.6,30,32,0.926229508196721,0.92798159343033,0.28125
0.1,0.6,30,64,0.926229508196721,0.897715052935353,0.265625
0.1,0.6,30,128,0.926229508196721,0.849730974574387,0.265625
0.1,0.7,10,16,0.926229508196721,0.933422036338672,0.28125
0.1,0.7,10,32,0.926229508196721,0.910063610705751,0.21875
0.1,0.7,10,64,0.926229508196721,0.88682692456238,0.265625
0.1,0.7,10,128,0.926229508196721,0.908994721127874,0.28125
0.1,0.7,20,16,0.926229508196721,0.882708607024086,0.21875
0.1,0.7,20,32,0.926229508196721,0.866415818526653,0.234375
0.1,0.7,20,64,0.926229508196721,0.894375199809116,0.265625
0.1,0.7,20,128,0.926229508196721,0.947315504644553,0.3125
0.1,0.7,30,16,0.926229508196721,0.896661500095042,0.25
0.1,0.7,30,32,0.926229508196721,0.92421012816949,0.234375
0.1,0.7,30,64,0.926229508196721,0.842022918412015,0.25
0.1,0.7,30,128,0.926229508196721,0.917115402729875,0.25
0.1,0.9,10,16,0.926229508196721,0.821525849363506,0.265625
0.1,0.9,10,32,0.926229508196721,0.920240711116206,0.28125
0.1,0.9,10,64,0.926229508196721,0.796362192171242,0.25
0.1,0.9,10,128,0.926229508196721,0.902658121613967,0.21875
0.1,0.9,20,16,0.926229508196721,0.823020139591438,0.25
0.1,0.9,20,32,0.926229508196721,0.875740570858308,0.21875
0.1,0.9,20,64,0.926229508196721,0.896654144561673,0.28125
0.1,0.9,20,128,0.926229508196721,0.867188369436217,0.21875
0.1,0.9,30,16,0.926229508196721,0.809816708651357,0.296875
0.1,0.9,30,32,0.926229508196721,0.893345476155091,0.25
0.1,0.9,30,64,0.926229508196721,0.752037569844184,0.28125
0.1,0.9,30,128,0.926229508196721,0.961060859693032,0.234375
0.3,0.5,10,16,0.926229508196721,0.934744469405944,0.234375
0.3,0.5,10,32,0.926229508196721,0.859788541723201,0.21875
0.3,0.5,10,64,0.926229508196721,0.918326423469078,0.25
0.3,0.5,10,128,0.926229508196721,0.923830335095188,0.21875
0.3,0.5,20,16,0.926229508196721,0.906431095154271,0.296875
0.3,0.5,20,32,0.926229508196721,0.818961811711731,0.25
0.3,0.5,20,64,0.926229508196721,0.939640622699879,0.265625
0.3,0.5,20,128,0.926229508196721,0.891802782389803,0.234375
0.3,0.5,30,16,0.926229508196721,0.959842230467873,0.296875
0.3,0.5,30,32,0.926229508196721,0.902590641162831,0.25
0.3,0.5,30,64,0.926229508196721,0.927636026920431,0.234375
0.3,0.5,30,128,0.926229508196721,0.761650506898311,0.296875
0.3,0.6,10,16,0.926229508196721,0.941283630567455,0.21875
0.3,0.6,10,32,0.926229508196721,0.946138028476414,0.25
0.3,0.6,10,64,0.926229508196721,0.884157536253142,0.296875
0.3,0.6,10,128,0.926229508196721,0.918090708247679,0.296875
0.3,0.6,20,16,0.926229508196721,0.900460748509901,0.328125
0.3,0.6,20,32,0.926229508196721,0.893668003843888,0.328125
0.3,0.6,20,64,0.926229508196721,0.935468574507737,0.25
0.3,0.6,20,128,0.926229508196721,0.886462521815981,0.265625
0.3,0.6,30,16,0.926229508196721,0.85219472066624,0.265625
0.3,0.6,30,32,0.926229508196721,0.932351921098,0.234375
0.3,0.6,30,64,0.926229508196721,0.902365841854911,0.25
0.3,0.6,30,128,0.926229508196721,0.844041326423064,0.234375
0.3,0.7,10,16,0.926229508196721,0.931764493281401,0.265625
0.3,0.7,10,32,0.926229508196721,0.892143902233224,0.28125
0.3,0.7,10,64,0.926229508196721,0.907666836444638,0.234375
0.3,0.7,10,128,0.926229508196721,0.93244156250739,0.234375
0.3,0.7,20,16,0.926229508196721,0.946100574474135,0.28125
0.3,0.7,20,32,0.926229508196721,0.892425267483453,0.21875
0.3,0.7,20,64,0.926229508196721,0.873548360422922,0.25
0.3,0.7,20,128,0.926229508196721,0.946966350848045,0.21875
0.3,0.7,30,16,0.926229508196721,0.841639173236934,0.296875
0.3,0.7,30,32,0.926229508196721,0.893998494417361,0.265625
0.3,0.7,30,64,0.926229508196721,0.909383043288497,0.28125
0.3,0.7,30,128,0.926229508196721,0.850113797126529,0.203125
0.3,0.9,10,16,0.926229508196721,0.906997122881154,0.265625
0.3,0.9,10,32,0.926229508196721,0.807392174124674,0.21875
0.3,0.9,10,64,0.926229508196721,0.903031915380151,0.25
0.3,0.9,10,128,0.926229508196721,0.915858354451918,0.25
0.3,0.9,20,16,0.926229508196721,0.911791268514168,0.265625
0.3,0.9,20,32,0.926229508196721,0.880209703808283,0.3125
0.3,0.9,20,64,0.926229508196721,0.915157306413231,0.234375
0.3,0.9,20,128,0.926229508196721,0.887492837489673,0.234375
0.3,0.9,30,16,0.926229508196721,0.932013746132528,0.234375
0.3,0.9,30,32,0.926229508196721,0.832019219480401,0.296875
0.3,0.9,30,64,0.926229508196721,0.871133339115923,0.234375
0.3,0.9,30,128,0.926229508196721,0.898263784491646,0.28125
1,0.5,10,16,0.926229508196721,0.912320271543013,0.25
1,0.5,10,32,0.926229508196721,0.914222292368519,0.265625
1,0.5,10,64,0.926229508196721,0.92137742206499,0.25
1,0.5,10,128,0.926229508196721,0.907688836622164,0.1875
1,0.5,20,16,0.926229508196721,0.961838008641669,0.234375
1,0.5,20,32,0.926229508196721,0.930131066487392,0.296875
1,0.5,20,64,0.926229508196721,0.891372260779616,0.25
1,0.5,20,128,0.926229508196721,0.899047981988302,0.265625
1,0.5,30,16,0.926229508196721,0.887449650493807,0.234375
1,0.5,30,32,0.926229508196721,0.901607410172515,0.25
1,0.5,30,64,0.926229508196721,0.872523603641702,0.234375
1,0.5,30,128,0.926229508196721,0.777356980666013,0.328125
1,0.6,10,16,0.926229508196721,0.865312268390815,0.21875
1,0.6,10,32,0.926229508196721,0.901805523597445,0.265625
1,0.6,10,64,0.926229508196721,0.929231409744071,0.25
1,0.6,10,128,0.926229508196721,0.952647478713869,0.21875
1,0.6,20,16,0.926229508196721,0.873321417809324,0.265625
1,0.6,20,32,0.926229508196721,0.880538115308211,0.25
1,0.6,20,64,0.926229508196721,0.819161988736064,0.265625
1,0.6,20,128,0.926229508196721,0.888468369872498,0.21875
1,0.6,30,16,0.926229508196721,0.82086650507127,0.28125
1,0.6,30,32,0.926229508196721,0.801068093990409,0.28125
1,0.6,30,64,0.926229508196721,0.911754986630532,0.265625
1,0.6,30,128,0.926229508196721,0.844934460469311,0.28125
1,0.7,10,16,0.926229508196721,0.933191907705349,0.28125
1,0.7,10,32,0.926229508196721,0.87770638925397,0.21875
1,0.7,10,64,0.926229508196721,0.919665034609731,0.25
1,0.7,10,128,0.926229508196721,0.914310793039183,0.296875
1,0.7,20,16,0.926229508196721,0.919847396093745,0.296875
1,0.7,20,32,0.926229508196721,0.937342778155539,0.21875
1,0.7,20,64,0.926229508196721,0.845727847052994,0.296875
1,0.7,20,128,0.926229508196721,0.779870837555163,0.296875
1,0.7,30,16,0.926229508196721,0.952468816607024,0.296875
1,0.7,30,32,0.926229508196721,0.73743495597537,0.265625
1,0.7,30,64,0.926229508196721,0.936466199002345,0.265625
1,0.7,30,128,0.926229508196721,0.923553007302342,0.296875
1,0.9,10,16,0.926229508196721,0.941042572228842,0.21875
1,0.9,10,32,0.926229508196721,0.879646869783391,0.296875
1,0.9,10,64,0.926229508196721,0.862971327097878,0.234375
1,0.9,10,128,0.926229508196721,0.905979058764852,0.21875
1,0.9,20,16,0.926229508196721,0.846965026800521,0.328125
1,0.9,20,32,0.926229508196721,0.935995198635321,0.234375
1,0.9,20,64,0.926229508196721,0.913854108672561,0.25
1,0.9,20,128,0.926229508196721,0.905382880361007,0.25
1,0.9,30,16,0.926229508196721,0.928327301609264,0.234375
1,0.9,30,32,0.926229508196721,0.702243962176609,0.25
1,0.9,30,64,0.926229508196721,0.934090965463589,0.28125
1,0.9,30,128,0.926229508196721,0.915647015321405,0.21875
0.001,0.5,10,16,0.885245901639344,0.757978531790019,0.296875
0.001,0.5,10,32,0.885245901639344,0.717660691596247,0.203125
0.001,0.5,10,64,0.885245901639344,0.761001195107538,0.265625
0.001,0.5,10,128,0.885245901639344,0.712764932345431,0.28125
0.001,0.5,20,16,0.885245901639344,0.621408693899277,0.28125
0.001,0.5,20,32,0.885245901639344,0.692692597381735,0.296875
0.001,0.5,20,64,0.885245901639344,0.559053774477612,0.25
0.001,0.5,20,128,0.885245901639344,0.665708582355716,0.296875
0.001,0.5,30,16,0.885245901639344,0.79588849760367,0.3125
0.001,0.5,30,32,0.885245901639344,0.671383433006762,0.3125
0.001,0.5,30,64,0.885245901639344,0.780943192575279,0.265625
0.001,0.5,30,128,0.885245901639344,0.301459603553903,0.28125
0.001,0.6,10,16,0.885245901639344,0.640506812070782,0.25
0.001,0.6,10,32,0.885245901639344,0.77350346812023,0.234375
0.001,0.6,10,64,0.885245901639344,0.700679965068345,0.21875
0.001,0.6,10,128,0.885245901639344,0.556695657581143,0.234375
0.001,0.6,20,16,0.885245901639344,0.458180194958837,0.234375
0.001,0.6,20,32,0.885245901639344,0.688413290997087,0.21875
0.001,0.6,20,64,0.885245901639344,0.690046587893082,0.265625
0.001,0.6,20,128,0.885245901639344,0.619472048606176,0.28125
0.001,0.6,30,16,0.885245901639344,0.736342979066117,0.234375
0.001,0.6,30,32,0.885245901639344,0.693964404804622,0.21875
0.001,0.6,30,64,0.885245901639344,0.714976135969747,0.25
0.001,0.6,30,128,0.885245901639344,0.649911164482785,0.265625
0.001,0.7,10,16,0.885245901639344,0.731506999216562,0.234375
0.001,0.7,10,32,0.885245901639344,0.787205497657083,0.234375
0.001,0.7,10,64,0.885245901639344,0.626523055119751,0.25
0.001,0.7,10,128,0.885245901639344,0.774864095997627,0.25
0.001,0.7,20,16,0.885245901639344,0.688759751740973,0.28125
0.001,0.7,20,32,0.885245901639344,0.823490724176238,0.296875
0.001,0.7,20,64,0.885245901639344,0.583435079085292,0.328125
0.001,0.7,20,128,0.885245901639344,0.852880557884014,0.3125
0.001,0.7,30,16,0.885245901639344,0.496264825964958,0.25
0.001,0.7,30,32,0.885245901639344,0.575179126821873,0.265625
0.001,0.7,30,64,0.885245901639344,0.494683626765621,0.296875
0.001,0.7,30,128,0.885245901639344,0.610656507019294,0.234375
0.001,0.9,10,16,0.885245901639344,0.803327302277638,0.21875
0.001,0.9,10,32,0.885245901639344,0.693199876513258,0.265625
0.001,0.9,10,64,0.885245901639344,0.692586296757865,0.25
0.001,0.9,10,128,0.885245901639344,0.729121685037166,0.265625
0.001,0.9,20,16,0.885245901639344,0.535468320486937,0.234375
0.001,0.9,20,32,0.885245901639344,0.445381830496318,0.265625
0.001,0.9,20,64,0.885245901639344,0.695680614780778,0.328125
0.001,0.9,20,128,0.885245901639344,0.799575516697461,0.234375
0.001,0.9,30,16,0.885245901639344,0.591208956249717,0.296875
0.001,0.9,30,32,0.885245901639344,0.481060961520256,0.28125
0.001,0.9,30,64,0.885245901639344,0.451686720491401,0.28125
0.001,0.9,30,128,0.885245901639344,0.83805875101696,0.25
0.003,0.5,10,16,0.885245901639344,0.728896202194461,0.296875
0.003,0.5,10,32,0.885245901639344,0.621425693002196,0.28125
0.003,0.5,10,64,0.885245901639344,0.801132767560477,0.265625
0.003,0.5,10,128,0.885245901639344,0.766253344372077,0.25
0.003,0.5,20,16,0.885245901639344,0.715168603366553,0.25
0.003,0.5,20,32,0.885245901639344,0.726991446125081,0.21875
0.003,0.5,20,64,0.885245901639344,0.75318278267482,0.25
0.003,0.5,20,128,0.885245901639344,0.819515271849468,0.296875
0.003,0.5,30,16,0.885245901639344,0.243249650769172,0.25
0.003,0.5,30,32,0.885245901639344,0.702106433032493,0.234375
0.003,0.5,30,64,0.885245901639344,0.597189884551263,0.296875
0.003,0.5,30,128,0.885245901639344,0.481758467709435,0.25
0.003,0.6,10,16,0.885245901639344,0.732848057919951,0.28125
0.003,0.6,10,32,0.885245901639344,0.803221259598646,0.203125
0.003,0.6,10,64,0.885245901639344,0.832165930646952,0.265625
0.003,0.6,10,128,0.885245901639344,0.861354633509632,0.265625
0.003,0.6,20,16,0.885245901639344,0.786758821453799,0.25
0.003,0.6,20,32,0.885245901639344,0.651823918037362,0.234375
0.003,0.6,20,64,0.885245901639344,0.815590089349999,0.296875
0.003,0.6,20,128,0.885245901639344,0.847361378398693,0.265625
0.003,0.6,30,16,0.885245901639344,0.790530474962717,0.328125
0.003,0.6,30,32,0.885245901639344,0.602947160487951,0.234375
0.003,0.6,30,64,0.885245901639344,0.544118828366305,0.34375
0.003,0.6,30,128,0.885245901639344,0.771616830893345,0.265625
0.003,0.7,10,16,0.885245901639344,0.774339897675062,0.234375
0.003,0.7,10,32,0.885245901639344,0.758596603760068,0.28125
0.003,0.7,10,64,0.885245901639344,0.677365941532933,0.265625
0.003,0.7,10,128,0.885245901639344,0.763286448873469,0.28125
0.003,0.7,20,16,0.885245901639344,0.82629701540309,0.234375
0.003,0.7,20,32,0.885245901639344,0.713568663254945,0.21875
0.003,0.7,20,64,0.885245901639344,0.747114070478039,0.28125
0.003,0.7,20,128,0.885245901639344,0.75201595832183,0.28125
0.003,0.7,30,16,0.885245901639344,0.574535086709931,0.28125
0.003,0.7,30,32,0.885245901639344,0.386569611297061,0.28125
0.003,0.7,30,64,0.885245901639344,0.433269497926091,0.3125
0.003,0.7,30,128,0.885245901639344,0.807132876715108,0.28125
0.003,0.9,10,16,0.885245901639344,0.55862429086391,0.234375
0.003,0.9,10,32,0.885245901639344,0.719259266805384,0.21875
0.003,0.9,10,64,0.885245901639344,0.715959967724475,0.265625
0.003,0.9,10,128,0.885245901639344,0.713903076149827,0.21875
0.003,0.9,20,16,0.885245901639344,0.712845737225284,0.28125
0.003,0.9,20,32,0.885245901639344,0.715459235169768,0.25
0.003,0.9,20,64,0.885245901639344,0.723339083799489,0.234375
0.003,0.9,20,128,0.885245901639344,0.753246414949128,0.28125
0.003,0.9,30,16,0.885245901639344,0.758976869976681,0.28125
0.003,0.9,30,32,0.885245901639344,0.674877401346747,0.25
0.003,0.9,30,64,0.885245901639344,0.501832244497014,0.28125
0.003,0.9,30,128,0.885245901639344,0.466387165175752,0.296875
0.01,0.5,10,16,0.885245901639344,0.777861917820065,0.25
0.01,0.5,10,32,0.885245901639344,0.648078911195095,0.25
0.01,0.5,10,64,0.885245901639344,0.672417759358198,0.28125
0.01,0.5,10,128,0.885245901639344,0.744110118871995,0.3125
0.01,0.5,20,16,0.885245901639344,0.743958548422444,0.34375
0.01,0.5,20,32,0.885245901639344,0.84941963233243,0.28125
0.01,0.5,20,64,0.885245901639344,0.832793611522144,0.265625
0.01,0.5,20,128,0.885245901639344,0.662104790420474,0.3125
0.01,0.5,30,16,0.885245901639344,0.509393182319607,0.265625
0.01,0.5,30,32,0.885245901639344,0.806927528861964,0.25
0.01,0.5,30,64,0.885245901639344,0.502950898796239,0.25
0.01,0.5,30,128,0.885245901639344,0.615018745525944,0.296875
0.01,0.6,10,16,0.885245901639344,0.580906454743375,0.25
0.01,0.6,10,32,0.885245901639344,0.701283051180979,0.25
0.01,0.6,10,64,0.885245901639344,0.787628745503502,0.265625
0.01,0.6,10,128,0.885245901639344,0.795402109788739,0.265625
0.01,0.6,20,16,0.885245901639344,0.74080278958476,0.296875
0.01,0.6,20,32,0.885245901639344,0.781656086739738,0.25
0.01,0.6,20,64,0.885245901639344,0.475460494420669,0.25
0.01,0.6,20,128,0.885245901639344,0.840784586791344,0.25
0.01,0.6,30,16,0.885245901639344,0.646104136619871,0.265625
0.01,0.6,30,32,0.885245901639344,0.668455259220772,0.296875
0.01,0.6,30,64,0.885245901639344,0.761115739404798,0.265625
0.01,0.6,30,128,0.885245901639344,0.672979802102242,0.296875
0.01,0.7,10,16,0.885245901639344,0.830996601036739,0.25
0.01,0.7,10,32,0.885245901639344,0.678347123582353,0.25
0.01,0.7,10,64,0.885245901639344,0.694790898716436,0.265625
0.01,0.7,10,128,0.885245901639344,0.778765058680877,0.21875
0.01,0.7,20,16,0.885245901639344,0.815655014838036,0.234375
0.01,0.7,20,32,0.885245901639344,0.79822643413644,0.28125
0.01,0.7,20,64,0.885245901639344,0.680660207917611,0.3125
0.01,0.7,20,128,0.885245901639344,0.530354157007803,0.265625
0.01,0.7,30,16,0.885245901639344,0.69106252752806,0.234375
0.01,0.7,30,32,0.885245901639344,0.720950047394806,0.265625
0.01,0.7,30,64,0.885245901639344,0.782321934990186,0.28125
0.01,0.7,30,128,0.885245901639344,0.803056019476355,0.34375
0.01,0.9,10,16,0.885245901639344,0.723406007863582,0.25
0.01,0.9,10,32,0.885245901639344,0.831351052644669,0.265625
0.01,0.9,10,64,0.885245901639344,0.68617023421444,0.265625
0.01,0.9,10,128,0.885245901639344,0.757868098740879,0.234375
0.01,0.9,20,16,0.885245901639344,0.603068562690237,0.265625
0.01,0.9,20,32,0.885245901639344,0.728566591873783,0.28125
0.01,0.9,20,64,0.885245901639344,0.611257190618776,0.28125
0.01,0.9,20,128,0.885245901639344,0.558716370739059,0.296875
0.01,0.9,30,16,0.885245901639344,0.759967022874197,0.3125
0.01,0.9,30,32,0.885245901639344,0.625719576035598,0.3125
0.01,0.9,30,64,0.885245901639344,0.704325695889512,0.28125
0.01,0.9,30,128,0.885245901639344,0.709606202651699,0.265625
0.03,0.5,10,16,0.885245901639344,0.712889213718273,0.234375
0.03,0.5,10,32,0.885245901639344,0.637377627836671,0.28125
0.03,0.5,10,64,0.885245901639344,0.660261561316952,0.265625
0.03,0.5,10,128,0.885245901639344,0.721641365834544,0.25
0.03,0.5,20,16,0.885245901639344,0.646832834213721,0.296875
0.03,0.5,20,32,0.885245901639344,0.830052889631028,0.25
0.03,0.5,20,64,0.885245901639344,0.611510332856848,0.3125
0.03,0.5,20,128,0.885245901639344,0.702755209264255,0.40625
0.03,0.5,30,16,0.885245901639344,0.711053170407036,0.28125
0.03,0.5,30,32,0.885245901639344,0.658036060594524,0.265625
0.03,0.5,30,64,0.885245901639344,0.334951431167515,0.296875
0.03,0.5,30,128,0.885245901639344,0.718256827319425,0.25
0.03,0.6,10,16,0.885245901639344,0.679277020849806,0.265625
0.03,0.6,10,32,0.885245901639344,0.706311624883661,0.296875
0.03,0.6,10,64,0.885245901639344,0.623647786093884,0.25
0.03,0.6,10,128,0.885245901639344,0.793344494428407,0.265625
0.03,0.6,20,16,0.885245901639344,0.703537675060102,0.25
0.03,0.6,20,32,0.885245901639344,0.73763680005493,0.25
0.03,0.6,20,64,0.885245901639344,0.751629068022022,0.265625
0.03,0.6,20,128,0.885245901639344,0.759270331136147,0.296875
0.03,0.6,30,16,0.885245901639344,0.560405573118674,0.25
0.03,0.6,30,32,0.885245901639344,0.776843709996045,0.265625
0.03,0.6,30,64,0.885245901639344,0.6731953446162,0.3125
0.03,0.6,30,128,0.885245901639344,0.819111841867448,0.296875
0.03,0.7,10,16,0.885245901639344,0.714162792152313,0.28125
0.03,0.7,10,32,0.885245901639344,0.662664434690204,0.25
0.03,0.7,10,64,0.885245901639344,0.838248435787397,0.28125
0.03,0.7,10,128,0.885245901639344,0.84089101566375,0.25
0.03,0.7,20,16,0.885245901639344,0.836033118990373,0.265625
0.03,0.7,20,32,0.885245901639344,0.423085326582786,0.265625
0.03,0.7,20,64,0.885245901639344,0.411168460039372,0.234375
0.03,0.7,20,128,0.885245901639344,0.652893607411586,0.234375
0.03,0.7,30,16,0.885245901639344,0.720866248955671,0.265625
0.03,0.7,30,32,0.885245901639344,0.119377345449141,0.296875
0.03,0.7,30,64,0.885245901639344,0.467722813361752,0.265625
0.03,0.7,30,128,0.885245901639344,0.681905241161267,0.3125
0.03,0.9,10,16,0.885245901639344,0.633854400188797,0.265625
0.03,0.9,10,32,0.885245901639344,0.753877129637051,0.265625
0.03,0.9,10,64,0.885245901639344,0.716409895059166,0.25
0.03,0.9,10,128,0.885245901639344,0.800182651182858,0.265625
0.03,0.9,20,16,0.885245901639344,0.828416614850722,0.234375
0.03,0.9,20,32,0.885245901639344,0.299641859123973,0.234375
0.03,0.9,20,64,0.885245901639344,0.765020387416036,0.265625
0.03,0.9,20,128,0.885245901639344,0.650701743683141,0.25
0.03,0.9,30,16,0.885245901639344,0.763379926677652,0.21875
0.03,0.9,30,32,0.885245901639344,0.754427538221732,0.28125
0.03,0.9,30,64,0.885245901639344,0.88509791674021,0.265625
0.03,0.9,30,128,0.885245901639344,0.757624886030581,0.25
0.1,0.5,10,16,0.885245901639344,0.692817403256267,0.28125
0.1,0.5,10,32,0.885245901639344,0.723641387237394,0.234375
0.1,0.5,10,64,0.885245901639344,0.771157811546396,0.265625
0.1,0.5,10,128,0.885245901639344,0.78665993865005,0.25
0.1,0.5,20,16,0.885245901639344,0.848178860151937,0.265625
0.1,0.5,20,32,0.885245901639344,0.721246834482898,0.265625
0.1,0.5,20,64,0.885245901639344,0.693535629436107,0.296875
0.1,0.5,20,128,0.885245901639344,0.812334111909888,0.28125
0.1,0.5,30,16,0.885245901639344,0.363088619608054,0.25
0.1,0.5,30,32,0.885245901639344,0.607957067871669,0.28125
0.1,0.5,30,64,0.885245901639344,0.71636666007334,0.28125
0.1,0.5,30,128,0.885245901639344,0.610809033410426,0.3125
0.1,0.6,10,16,0.885245901639344,0.739714396000956,0.25
0.1,0.6,10,32,0.885245901639344,0.788694041347302,0.234375
0.1,0.6,10,64,0.885245901639344,0.726593321997084,0.25
0.1,0.6,10,128,0.885245901639344,0.743138556566307,0.3125
0.1,0.6,20,16,0.885245901639344,0.675252807046855,0.265625
0.1,0.6,20,32,0.885245901639344,0.706544282795771,0.28125
0.1,0.6,20,64,0.885245901639344,0.697514375897888,0.265625
0.1,0.6,20,128,0.885245901639344,0.693415986107429,0.28125
0.1,0.6,30,16,0.885245901639344,0.703027528263199,0.234375
0.1,0.6,30,32,0.885245901639344,0.752405257308185,0.265625
0.1,0.6,30,64,0.885245901639344,0.874255386376235,0.296875
0.1,0.6,30,128,0.885245901639344,0.61366825274848,0.265625
0.1,0.7,10,16,0.885245901639344,0.867366368465984,0.21875
0.1,0.7,10,32,0.885245901639344,0.833663915421919,0.25
0.1,0.7,10,64,0.885245901639344,0.707741655729233,0.25
0.1,0.7,10,128,0.885245901639344,0.764794097836933,0.25
0.1,0.7,20,16,0.885245901639344,0.539572495222465,0.265625
0.1,0.7,20,32,0.885245901639344,0.794136327975822,0.28125
0.1,0.7,20,64,0.885245901639344,0.626683722968403,0.265625
0.1,0.7,20,128,0.885245901639344,0.570075730045439,0.234375
0.1,0.7,30,16,0.885245901639344,0.63763072167542,0.28125
0.1,0.7,30,32,0.885245901639344,0.675826519540139,0.328125
0.1,0.7,30,64,0.885245901639344,0.70970975544617,0.25
0.1,0.7,30,128,0.885245901639344,0.706240534512838,0.28125
0.1,0.9,10,16,0.885245901639344,0.70183018696784,0.265625
0.1,0.9,10,32,0.885245901639344,0.803991645145864,0.21875
0.1,0.9,10,64,0.885245901639344,0.650705627423805,0.25
0.1,0.9,10,128,0.885245901639344,0.716842830774947,0.203125
0.1,0.9,20,16,0.885245901639344,0.788235153870934,0.296875
0.1,0.9,20,32,0.885245901639344,0.726634997859369,0.28125
0.1,0.9,20,64,0.885245901639344,0.813105624645167,0.28125
0.1,0.9,20,128,0.885245901639344,0.535010617032746,0.28125
0.1,0.9,30,16,0.885245901639344,0.871645088108683,0.3125
0.1,0.9,30,32,0.885245901639344,0.371555143194954,0.296875
0.1,0.9,30,64,0.885245901639344,0.488266142664912,0.265625
0.1,0.9,30,128,0.885245901639344,0.704817342304709,0.25
0.3,0.5,10,16,0.885245901639344,0.624383457597977,0.25
0.3,0.5,10,32,0.885245901639344,0.895969172910147,0.28125
0.3,0.5,10,64,0.885245901639344,0.765317782565062,0.25
0.3,0.5,10,128,0.885245901639344,0.746211609624196,0.265625
0.3,0.5,20,16,0.885245901639344,0.72572543431046,0.265625
0.3,0.5,20,32,0.885245901639344,0.580344918450079,0.25
0.3,0.5,20,64,0.885245901639344,0.619912386025266,0.265625
0.3,0.5,20,128,0.885245901639344,0.728681152660868,0.234375
0.3,0.5,30,16,0.885245901639344,0.852327666645034,0.28125
0.3,0.5,30,32,0.885245901639344,0.844029510847404,0.296875
0.3,0.5,30,64,0.885245901639344,0.719282665606772,0.25
0.3,0.5,30,128,0.885245901639344,0.778833993331478,0.265625
0.3,0.6,10,16,0.885245901639344,0.773177558648342,0.28125
0.3,0.6,10,32,0.885245901639344,0.663850740809919,0.28125
0.3,0.6,10,64,0.885245901639344,0.652911324144653,0.28125
0.3,0.6,10,128,0.885245901639344,0.798923933504562,0.25
0.3,0.6,20,16,0.885245901639344,0.691674547978817,0.234375
0.3,0.6,20,32,0.885245901639344,0.73392472004055,0.265625
0.3,0.6,20,64,0.885245901639344,0.658187007463655,0.265625
0.3,0.6,20,128,0.885245901639344,0.841025905668275,0.234375
0.3,0.6,30,16,0.885245901639344,0.822474950665188,0.28125
0.3,0.6,30,32,0.885245901639344,0.745471865568028,0.265625
0.3,0.6,30,64,0.885245901639344,0.620448281032052,0.296875
0.3,0.6,30,128,0.885245901639344,0.692072197981744,0.28125
0.3,0.7,10,16,0.885245901639344,0.638297952354499,0.234375
0.3,0.7,10,32,0.885245901639344,0.665438579235137,0.203125
0.3,0.7,10,64,0.885245901639344,0.732303307465258,0.265625
0.3,0.7,10,128,0.885245901639344,0.839951147081402,0.296875
0.3,0.7,20,16,0.885245901639344,0.79014045488973,0.265625
0.3,0.7,20,32,0.885245901639344,0.777964074029656,0.234375
0.3,0.7,20,64,0.885245901639344,0.515271274247146,0.234375
0.3,0.7,20,128,0.885245901639344,0.706934811265138,0.25
0.3,0.7,30,16,0.885245901639344,0.641154297285875,0.203125
0.3,0.7,30,32,0.885245901639344,0.781462772690689,0.21875
0.3,0.7,30,64,0.885245901639344,0.694820449382662,0.28125
0.3,0.7,30,128,0.885245901639344,0.735466191734178,0.234375
0.3,0.9,10,16,0.885245901639344,0.67088846496452,0.234375
0.3,0.9,10,32,0.885245901639344,0.851623773247673,0.234375
0.3,0.9,10,64,0.885245901639344,0.668818975513679,0.234375
0.3,0.9,10,128,0.885245901639344,0.761359235091162,0.25
0.3,0.9,20,16,0.885245901639344,0.783695825540063,0.296875
0.3,0.9,20,32,0.885245901639344,0.793002057890621,0.265625
0.3,0.9,20,64,0.885245901639344,0.739211791449684,0.3125
0.3,0.9,20,128,0.885245901639344,0.781473877194735,0.265625
0.3,0.9,30,16,0.885245901639344,0.455965462513182,0.25
0.3,0.9,30,32,0.885245901639344,0.761866631773567,0.34375
0.3,0.9,30,64,0.885245901639344,0.471581142377387,0.28125
0.3,0.9,30,128,0.885245901639344,0.690584641743495,0.25
1,0.5,10,16,0.885245901639344,0.715713822897045,0.28125
1,0.5,10,32,0.885245901639344,0.714897816970952,0.28125
1,0.5,10,64,0.885245901639344,0.71877042994028,0.28125
1,0.5,10,128,0.885245901639344,0.753927325847272,0.25
1,0.5,20,16,0.885245901639344,0.644131817107966,0.296875
1,0.5,20,32,0.885245901639344,0.771976744298426,0.28125
1,0.5,20,64,0.885245901639344,0.832453077863421,0.25
1,0.5,20,128,0.885245901639344,0.872305338322091,0.25
1,0.5,30,16,0.885245901639344,0.919560748521263,0.3125
1,0.5,30,32,0.885245901639344,0.76767996113918,0.265625
1,0.5,30,64,0.885245901639344,0.597037164117835,0.296875
1,0.5,30,128,0.885245901639344,0.892950543220473,0.328125
1,0.6,10,16,0.885245901639344,0.815496138339939,0.234375
1,0.6,10,32,0.885245901639344,0.683335180768969,0.265625
1,0.6,10,64,0.885245901639344,0.779511294822596,0.265625
1,0.6,10,128,0.885245901639344,0.721141136006646,0.21875
1,0.6,20,16,0.885245901639344,0.702439623628386,0.203125
1,0.6,20,32,0.885245901639344,0.589324992221123,0.265625
1,0.6,20,64,0.885245901639344,0.82489662656129,0.21875
1,0.6,20,128,0.885245901639344,0.739095728169185,0.3125
1,0.6,30,16,0.885245901639344,0.605786069867074,0.28125
1,0.6,30,32,0.885245901639344,0.77003562478189,0.265625
1,0.6,30,64,0.885245901639344,0.713874141107235,0.28125
1,0.6,30,128,0.885245901639344,0.663567943754685,0.21875
1,0.7,10,16,0.885245901639344,0.819251967840927,0.21875
1,0.7,10,32,0.885245901639344,0.786260780287396,0.265625
1,0.7,10,64,0.885245901639344,0.709398905858648,0.265625
1,0.7,10,128,0.885245901639344,0.628412983138125,0.25
1,0.7,20,16,0.885245901639344,0.783858697553672,0.25
1,0.7,20,32,0.885245901639344,0.692847636702908,0.21875
1,0.7,20,64,0.885245901639344,0.696088971505455,0.28125
1,0.7,20,128,0.885245901639344,0.677460126616698,0.296875
1,0.7,30,16,0.885245901639344,0.708305350419724,0.28125
1,0.7,30,32,0.885245901639344,0.591213047822824,0.25
1,0.7,30,64,0.885245901639344,0.764026453313431,0.25
1,0.7,30,128,0.885245901639344,0.580086705948711,0.328125
1,0.9,10,16,0.885245901639344,0.650651036254878,0.234375
1,0.9,10,32,0.885245901639344,0.771876314989431,0.21875
1,0.9,10,64,0.885245901639344,0.652260768612129,0.234375
1,0.9,10,128,0.885245901639344,0.753018118226203,0.265625
1,0.9,20,16,0.885245901639344,0.715310751860036,0.234375
1,0.9,20,32,0.885245901639344,0.801678572054561,0.25
1,0.9,20,64,0.885245901639344,0.828260082239458,0.296875
1,0.9,20,128,0.885245901639344,0.553420543681991,0.25
1,0.9,30,16,0.885245901639344,0.744315365239564,0.21875
1,0.9,30,32,0.885245901639344,0.567853149810912,0.25
1,0.9,30,64,0.885245901639344,0.776309000400372,0.234375
1,0.9,30,128,0.885245901639344,0.604058564297304,0.234375
